Video, Frame ID, Features Found, Features in pillars, percentage match, time taken to find features (ms), layers, contradt threshold, edge threshold, sigma, precise upscale
../Data/Wall_Indents_Top_Images/Wall_Indents_Top_Images_Video.avi,0, 52, 52, 100, 409, 3, 0.03, 43, 1.6, 0
../Data/Wall_Indents_Top_Images/Wall_Indents_Top_Images_Video.avi,1, 221, 217, 98.19, 402, 3, 0.03, 43, 1.6, 0
../Data/Wall_Indents_Top_Images/Wall_Indents_Top_Images_Video.avi,2, 240, 200, 83.3333, 381, 3, 0.03, 43, 1.6, 0
../Data/Wall_Indents_Top_Images/Wall_Indents_Top_Images_Video.avi,3, 265, 254, 95.8491, 381, 3, 0.03, 43, 1.6, 0
../Data/Wall_Indents_Top_Images/Wall_Indents_Top_Images_Video.avi,4, 74, 67, 90.5405, 374, 3, 0.03, 43, 1.6, 0
../Data/Wall_Indents_Top_Images/Wall_Indents_Top_Images_Video.avi,5, 66, 59, 89.3939, 377, 3, 0.03, 43, 1.6, 0
../Data/Wall_Indents_Top_Images/Wall_Indents_Top_Images_Video.avi,6, 877, 869, 99.0878, 376, 3, 0.03, 43, 1.6, 0
../Data/Wall_Indents_Top_Images/Wall_Indents_Top_Images_Video.avi,7, 1000, 992, 99.2, 386, 3, 0.03, 43, 1.6, 0
../Data/Wall_Indents_Top_Images/Wall_Indents_Top_Images_Video.avi,8, 1000, 991, 99.1, 393, 3, 0.03, 43, 1.6, 0
../Data/Wall_Indents_Top_Images/Wall_Indents_Top_Images_Video.avi,9, 1000, 986, 98.6, 377, 3, 0.03, 43, 1.6, 0
../Data/Wall_Indents_Top_Images/Wall_Indents_Top_Images_Video.avi,10, 1000, 997, 99.7, 388, 3, 0.03, 43, 1.6, 0
../Data/Wall_Indents_Top_Images/Wall_Indents_Top_Images_Video.avi,11, 1000, 983, 98.3, 404, 3, 0.03, 43, 1.6, 0
../Data/Wall_Indents_Top_Images/Wall_Indents_Top_Images_Video.avi,12, 1000, 983, 98.3, 419, 3, 0.03, 43, 1.6, 0
../Data/Wall_Indents_Top_Images/Wall_Indents_Top_Images_Video.avi,13, 334, 326, 97.6048, 495, 3, 0.03, 43, 1.6, 0
../Data/Wall_Indents_Top_Images/Wall_Indents_Top_Images_Video.avi,14, 382, 318, 83.2461, 427, 3, 0.03, 43, 1.6, 0
../Data/Wall_Indents_Top_Images/Wall_Indents_Top_Images_Video.avi,15, 353, 321, 90.9348, 428, 3, 0.03, 43, 1.6, 0
../Data/Wall_Indents_Top_Images/Wall_Indents_Top_Images_Video.avi,16, 944, 897, 95.0212, 462, 3, 0.03, 43, 1.6, 0
../Data/Wall_Indents_Top_Images/Wall_Indents_Top_Images_Video.avi,17, 1000, 1000, 100, 438, 3, 0.03, 43, 1.6, 0
../Data/Wall_Indents_Top_Images/Wall_Indents_Top_Images_Video.avi,18, 1000, 863, 86.3, 407, 3, 0.03, 43, 1.6, 0
../Data/Wall_Indents_Top_Images/Wall_Indents_Top_Images_Video.avi,19, 431, 343, 79.5824, 402, 3, 0.03, 43, 1.6, 0
../Data/Wall_Indents_Top_Images/Wall_Indents_Top_Images_Video.avi,20, 1000, 990, 99, 435, 3, 0.03, 43, 1.6, 0
../Data/Wall_Indents_Top_Images/Wall_Indents_Top_Images_Video.avi,21, 753, 657, 87.251, 411, 3, 0.03, 43, 1.6, 0
../Data/Wall_Indents_Top_Images/Wall_Indents_Top_Images_Video.avi,22, 189, 182, 96.2963, 430, 3, 0.03, 43, 1.6, 0
../Data/Wall_Indents_Top_Images/Wall_Indents_Top_Images_Video.avi,23, 57, 56, 98.2456, 479, 3, 0.03, 43, 1.6, 0
../Data/Wall_Indents_Top_Images/Wall_Indents_Top_Images_Video.avi,24, 1000, 982, 98.2, 569, 3, 0.03, 43, 1.6, 0
../Data/Wall_Indents_Top_Images/Wall_Indents_Top_Images_Video.avi,25, 426, 419, 98.3568, 560, 3, 0.03, 43, 1.6, 0
../Data/Wall_Indents_Top_Images/Wall_Indents_Top_Images_Video.avi,26, 31, 26, 83.871, 571, 3, 0.03, 43, 1.6, 0
../Data/Wall_Indents_Top_Images/Wall_Indents_Top_Images_Video.avi,27, 56, 50, 89.2857, 587, 3, 0.03, 43, 1.6, 0
../Data/Wall_Indents_Top_Images/Wall_Indents_Top_Images_Video.avi,28, 594, 590, 99.3266, 733, 3, 0.03, 43, 1.6, 0
../Data/Wall_Indents_Top_Images/Wall_Indents_Top_Images_Video.avi,29, 47, 34, 72.3404, 780, 3, 0.03, 43, 1.6, 0
../Data/Wall_Indents_Top_Images/Wall_Indents_Top_Images_Video.avi,30, 242, 214, 88.4298, 719, 3, 0.03, 43, 1.6, 0
../Data/Wall_Indents_Top_Images/Wall_Indents_Top_Images_Video.avi,31, 150, 125, 83.3333, 584, 3, 0.03, 43, 1.6, 0
../Data/Wall_Indents_Top_Images/Wall_Indents_Top_Images_Video.avi,32, 239, 210, 87.8661, 614, 3, 0.03, 43, 1.6, 0
../Data/Wall_Indents_Top_Images/Wall_Indents_Top_Images_Video.avi,33, 814, 801, 98.4029, 582, 3, 0.03, 43, 1.6, 0
../Data/Wall_Indents_Top_Images/Wall_Indents_Top_Images_Video.avi,34, 126, 61, 48.4127, 612, 3, 0.03, 43, 1.6, 0
../Data/Wall_Indents_Top_Images/Wall_Indents_Top_Images_Video.avi,35, 97, 81, 83.5052, 654, 3, 0.03, 43, 1.6, 0
../Data/Wall_Indents_Top_Images/Wall_Indents_Top_Images_Video.avi,36, 262, 128, 48.855, 574, 3, 0.03, 43, 1.6, 0
../Data/Wall_Indents_Top_Images/Wall_Indents_Top_Images_Video.avi,37, 112, 66, 58.9286, 598, 3, 0.03, 43, 1.6, 0
../Data/Wall_Indents_Top_Images/Wall_Indents_Top_Images_Video.avi,38, 156, 46, 29.4872, 615, 3, 0.03, 43, 1.6, 0
../Data/Wall_Indents_Top_Images/Wall_Indents_Top_Images_Video.avi,39, 48, 34, 70.8333, 556, 3, 0.03, 43, 1.6, 0
../Data/Wall_Indents_Top_Images/Wall_Indents_Top_Images_Video.avi,40, 222, 184, 82.8829, 512, 3, 0.03, 43, 1.6, 0
../Data/Wall_Indents_Top_Images/Wall_Indents_Top_Images_Video.avi,41, 91, 0, 0, 504, 3, 0.03, 43, 1.6, 0
../Data/Wall_Indents_Top_Images/Wall_Indents_Top_Images_Video.avi,42, 399, 386, 96.7419, 493, 3, 0.03, 43, 1.6, 0
../Data/Wall_Indents_Top_Images/Wall_Indents_Top_Images_Video.avi,43, 211, 78, 36.9668, 493, 3, 0.03, 43, 1.6, 0
../Data/Wall_Indents_Top_Images/Wall_Indents_Top_Images_Video.avi,44, 391, 303, 77.4936, 650, 3, 0.03, 43, 1.6, 0
../Data/Wall_Indents_Top_Images/Wall_Indents_Top_Images_Video.avi,45, 243, 218, 89.7119, 677, 3, 0.03, 43, 1.6, 0
../Data/Wall_Indents_Top_Images/Wall_Indents_Top_Images_Video.avi,46, 117, 78, 66.6667, 596, 3, 0.03, 43, 1.6, 0
../Data/Wall_Indents_Top_Images/Wall_Indents_Top_Images_Video.avi,47, 598, 523, 87.4582, 523, 3, 0.03, 43, 1.6, 0
../Data/Wall_Indents_Top_Images/Wall_Indents_Top_Images_Video.avi,48, 431, 417, 96.7517, 479, 3, 0.03, 43, 1.6, 0
../Data/Wall_Indents_Top_Images/Wall_Indents_Top_Images_Video.avi,49, 344, 49, 14.2442, 450, 3, 0.03, 43, 1.6, 0
../Data/Wall_Indents_Bottom_Images/Wall_Indents_Bottom_Images_Video.avi,0, 65, 58, 89.2308, 425, 3, 0.03, 43, 1.6, 0
../Data/Wall_Indents_Bottom_Images/Wall_Indents_Bottom_Images_Video.avi,1, 204, 204, 100, 532, 3, 0.03, 43, 1.6, 0
../Data/Wall_Indents_Bottom_Images/Wall_Indents_Bottom_Images_Video.avi,2, 170, 157, 92.3529, 495, 3, 0.03, 43, 1.6, 0
../Data/Wall_Indents_Bottom_Images/Wall_Indents_Bottom_Images_Video.avi,3, 285, 276, 96.8421, 492, 3, 0.03, 43, 1.6, 0
../Data/Wall_Indents_Bottom_Images/Wall_Indents_Bottom_Images_Video.avi,4, 1001, 960, 95.9041, 505, 3, 0.03, 43, 1.6, 0
../Data/Wall_Indents_Bottom_Images/Wall_Indents_Bottom_Images_Video.avi,5, 1000, 991, 99.1, 469, 3, 0.03, 43, 1.6, 0
../Data/Wall_Indents_Bottom_Images/Wall_Indents_Bottom_Images_Video.avi,6, 1000, 988, 98.8, 465, 3, 0.03, 43, 1.6, 0
../Data/Wall_Indents_Bottom_Images/Wall_Indents_Bottom_Images_Video.avi,7, 553, 459, 83.0018, 450, 3, 0.03, 43, 1.6, 0
../Data/Wall_Indents_Bottom_Images/Wall_Indents_Bottom_Images_Video.avi,8, 355, 312, 87.8873, 435, 3, 0.03, 43, 1.6, 0
../Data/Wall_Indents_Bottom_Images/Wall_Indents_Bottom_Images_Video.avi,9, 1001, 998, 99.7003, 447, 3, 0.03, 43, 1.6, 0
../Data/Wall_Indents_Bottom_Images/Wall_Indents_Bottom_Images_Video.avi,10, 773, 695, 89.9094, 428, 3, 0.03, 43, 1.6, 0
../Data/Wall_Indents_Bottom_Images/Wall_Indents_Bottom_Images_Video.avi,11, 507, 446, 87.9684, 435, 3, 0.03, 43, 1.6, 0
../Data/Wall_Indents_Bottom_Images/Wall_Indents_Bottom_Images_Video.avi,12, 906, 727, 80.2428, 439, 3, 0.03, 43, 1.6, 0
../Data/Wall_Indents_Bottom_Images/Wall_Indents_Bottom_Images_Video.avi,13, 295, 281, 95.2542, 427, 3, 0.03, 43, 1.6, 0
../Data/Wall_Indents_Bottom_Images/Wall_Indents_Bottom_Images_Video.avi,14, 207, 195, 94.2029, 418, 3, 0.03, 43, 1.6, 0
../Data/Wall_Indents_Bottom_Images/Wall_Indents_Bottom_Images_Video.avi,15, 78, 72, 92.3077, 426, 3, 0.03, 43, 1.6, 0
../Data/Wall_Indents_Bottom_Images/Wall_Indents_Bottom_Images_Video.avi,16, 192, 58, 30.2083, 427, 3, 0.03, 43, 1.6, 0
../Data/Wall_Indents_Bottom_Images/Wall_Indents_Bottom_Images_Video.avi,17, 238, 201, 84.4538, 419, 3, 0.03, 43, 1.6, 0
../Data/Wall_Indents_Bottom_Images/Wall_Indents_Bottom_Images_Video.avi,18, 190, 102, 53.6842, 425, 3, 0.03, 43, 1.6, 0
../Data/Wall_Indents_Bottom_Images/Wall_Indents_Bottom_Images_Video.avi,19, 96, 66, 68.75, 426, 3, 0.03, 43, 1.6, 0
../Data/Wall_Indents_Bottom_Images/Wall_Indents_Bottom_Images_Video.avi,20, 54, 45, 83.3333, 429, 3, 0.03, 43, 1.6, 0
../Data/Wall_Indents_Bottom_Images/Wall_Indents_Bottom_Images_Video.avi,21, 326, 253, 77.6074, 435, 3, 0.03, 43, 1.6, 0
../Data/Wall_Indents_Bottom_Images/Wall_Indents_Bottom_Images_Video.avi,22, 178, 0, 0, 435, 3, 0.03, 43, 1.6, 0
../Data/Wall_Indents_Bottom_Images/Wall_Indents_Bottom_Images_Video.avi,23, 194, 167, 86.0825, 428, 3, 0.03, 43, 1.6, 0
../Data/Wall_Indents_Bottom_Images/Wall_Indents_Bottom_Images_Video.avi,24, 444, 434, 97.7477, 422, 3, 0.03, 43, 1.6, 0
../Data/Wall_Indents_Bottom_Images/Wall_Indents_Bottom_Images_Video.avi,25, 786, 621, 79.0076, 430, 3, 0.03, 43, 1.6, 0
../Data/Wall_Indents_Bottom_Images/Wall_Indents_Bottom_Images_Video.avi,26, 467, 372, 79.6574, 420, 3, 0.03, 43, 1.6, 0
../Data/Wall_Indents_Bottom_Images/Wall_Indents_Bottom_Images_Video.avi,27, 254, 214, 84.252, 428, 3, 0.03, 43, 1.6, 0
../Data/Wall_Indents_Bottom_Images/Wall_Indents_Bottom_Images_Video.avi,28, 852, 492, 57.7465, 505, 3, 0.03, 43, 1.6, 0
../Data/Wall_Indents_Bottom_Images/Wall_Indents_Bottom_Images_Video.avi,29, 1000, 1000, 100, 590, 3, 0.03, 43, 1.6, 0
../Data/Wall_Indents_Bottom_Images/Wall_Indents_Bottom_Images_Video.avi,30, 1000, 986, 98.6, 573, 3, 0.03, 43, 1.6, 0
../Data/Wall_Indents_Bottom_Images/Wall_Indents_Bottom_Images_Video.avi,31, 1000, 986, 98.6, 604, 3, 0.03, 43, 1.6, 0
../Data/Wall_Indents_Bottom_Images/Wall_Indents_Bottom_Images_Video.avi,32, 1000, 206, 20.6, 696, 3, 0.03, 43, 1.6, 0
../Data/Wall_Indents_Bottom_Images/Wall_Indents_Bottom_Images_Video.avi,33, 1000, 713, 71.3, 585, 3, 0.03, 43, 1.6, 0
../Data/Wall_Indents_Bottom_Images/Wall_Indents_Bottom_Images_Video.avi,34, 1000, 852, 85.2, 605, 3, 0.03, 43, 1.6, 0
../Data/Wall_Indents_Bottom_Images/Wall_Indents_Bottom_Images_Video.avi,35, 1000, 773, 77.3, 508, 3, 0.03, 43, 1.6, 0
../Data/Wall_Indents_Bottom_Images/Wall_Indents_Bottom_Images_Video.avi,36, 1001, 756, 75.5245, 510, 3, 0.03, 43, 1.6, 0
../Data/Wall_Indents_Bottom_Images/Wall_Indents_Bottom_Images_Video.avi,37, 1000, 755, 75.5, 483, 3, 0.03, 43, 1.6, 0
../Data/Wall_Indents_Bottom_Images/Wall_Indents_Bottom_Images_Video.avi,38, 1001, 982, 98.1019, 547, 3, 0.03, 43, 1.6, 0
../Data/Wall_Indents_Bottom_Images/Wall_Indents_Bottom_Images_Video.avi,39, 1000, 704, 70.4, 541, 3, 0.03, 43, 1.6, 0
../Data/Wall_Indents_Bottom_Images/Wall_Indents_Bottom_Images_Video.avi,40, 1000, 987, 98.7, 644, 3, 0.03, 43, 1.6, 0
../Data/Wall_Indents_Bottom_Images/Wall_Indents_Bottom_Images_Video.avi,41, 1000, 0, 0, 830, 3, 0.03, 43, 1.6, 0
../Data/Wall_Indents_Bottom_Images/Wall_Indents_Bottom_Images_Video.avi,42, 1000, 733, 73.3, 773, 3, 0.03, 43, 1.6, 0
../Data/Wall_Indents_Bottom_Images/Wall_Indents_Bottom_Images_Video.avi,43, 1000, 910, 91, 605, 3, 0.03, 43, 1.6, 0
../Data/Wall_Indents_Bottom_Images/Wall_Indents_Bottom_Images_Video.avi,44, 1000, 893, 89.3, 547, 3, 0.03, 43, 1.6, 0
../Data/Wall_Indents_Bottom_Images/Wall_Indents_Bottom_Images_Video.avi,45, 1000, 948, 94.8, 516, 3, 0.03, 43, 1.6, 0
../Data/Wall_Indents_Bottom_Images/Wall_Indents_Bottom_Images_Video.avi,46, 1000, 956, 95.6, 577, 3, 0.03, 43, 1.6, 0
../Data/Wall_Indents_Bottom_Images/Wall_Indents_Bottom_Images_Video.avi,47, 578, 361, 62.4567, 621, 3, 0.03, 43, 1.6, 0
../Data/Wall_Indents_Bottom_Images/Wall_Indents_Bottom_Images_Video.avi,48, 1000, 968, 96.8, 565, 3, 0.03, 43, 1.6, 0
../Data/Wall_Indents_Bottom_Images/Wall_Indents_Bottom_Images_Video.avi,49, 1000, 976, 97.6, 569, 3, 0.03, 43, 1.6, 0
../Data/Ground_Beams_Images/Ground_Beams_Images_Video.avi,0, 1000, 803, 80.3, 1113, 3, 0.03, 43, 1.6, 0
../Data/Ground_Beams_Images/Ground_Beams_Images_Video.avi,1, 1001, 792, 79.1209, 1126, 3, 0.03, 43, 1.6, 0
../Data/Ground_Beams_Images/Ground_Beams_Images_Video.avi,2, 1000, 726, 72.6, 1112, 3, 0.03, 43, 1.6, 0
../Data/Ground_Beams_Images/Ground_Beams_Images_Video.avi,3, 1000, 943, 94.3, 1119, 3, 0.03, 43, 1.6, 0
../Data/Ground_Beams_Images/Ground_Beams_Images_Video.avi,4, 1001, 939, 93.8062, 1108, 3, 0.03, 43, 1.6, 0
../Data/Ground_Beams_Images/Ground_Beams_Images_Video.avi,5, 1000, 848, 84.8, 1090, 3, 0.03, 43, 1.6, 0
../Data/Ground_Beams_Images/Ground_Beams_Images_Video.avi,6, 1000, 976, 97.6, 1377, 3, 0.03, 43, 1.6, 0
../Data/Ground_Beams_Images/Ground_Beams_Images_Video.avi,7, 1001, 983, 98.2018, 1776, 3, 0.03, 43, 1.6, 0
../Data/Ground_Beams_Images/Ground_Beams_Images_Video.avi,8, 1000, 964, 96.4, 1265, 3, 0.03, 43, 1.6, 0
../Data/Ground_Beams_Images/Ground_Beams_Images_Video.avi,9, 1000, 964, 96.4, 1179, 3, 0.03, 43, 1.6, 0
../Data/Ground_Beams_Images/Ground_Beams_Images_Video.avi,10, 1001, 923, 92.2078, 1136, 3, 0.03, 43, 1.6, 0
../Data/Ground_Beams_Images/Ground_Beams_Images_Video.avi,11, 1000, 270, 27, 1119, 3, 0.03, 43, 1.6, 0
../Data/Ground_Beams_Images/Ground_Beams_Images_Video.avi,12, 1000, 654, 65.4, 1115, 3, 0.03, 43, 1.6, 0
../Data/Ground_Beams_Images/Ground_Beams_Images_Video.avi,13, 1000, 625, 62.5, 1137, 3, 0.03, 43, 1.6, 0
../Data/Ground_Beams_Images/Ground_Beams_Images_Video.avi,14, 1001, 862, 86.1139, 1130, 3, 0.03, 43, 1.6, 0
../Data/Ground_Beams_Images/Ground_Beams_Images_Video.avi,15, 1001, 794, 79.3207, 1147, 3, 0.03, 43, 1.6, 0
../Data/Ground_Beams_Images/Ground_Beams_Images_Video.avi,16, 1000, 261, 26.1, 1134, 3, 0.03, 43, 1.6, 0
../Data/Ground_Beams_Images/Ground_Beams_Images_Video.avi,17, 1001, 784, 78.3217, 1148, 3, 0.03, 43, 1.6, 0
../Data/Ground_Beams_Images/Ground_Beams_Images_Video.avi,18, 1001, 668, 66.7333, 1166, 3, 0.03, 43, 1.6, 0
../Data/Ground_Beams_Images/Ground_Beams_Images_Video.avi,19, 1000, 754, 75.4, 1151, 3, 0.03, 43, 1.6, 0
../Data/Ground_Beams_Images/Ground_Beams_Images_Video.avi,20, 1000, 620, 62, 1165, 3, 0.03, 43, 1.6, 0
../Data/Ground_Beams_Images/Ground_Beams_Images_Video.avi,21, 1000, 940, 94, 1200, 3, 0.03, 43, 1.6, 0
../Data/Ground_Beams_Images/Ground_Beams_Images_Video.avi,22, 1000, 844, 84.4, 1437, 3, 0.03, 43, 1.6, 0
../Data/Ground_Beams_Images/Ground_Beams_Images_Video.avi,23, 1001, 875, 87.4126, 1593, 3, 0.03, 43, 1.6, 0
../Data/Ground_Beams_Images/Ground_Beams_Images_Video.avi,24, 1000, 862, 86.2, 1277, 3, 0.03, 43, 1.6, 0
../Data/Ground_Beams_Images/Ground_Beams_Images_Video.avi,25, 1000, 984, 98.4, 1174, 3, 0.03, 43, 1.6, 0
../Data/Ground_Beams_Images/Ground_Beams_Images_Video.avi,26, 1000, 918, 91.8, 1151, 3, 0.03, 43, 1.6, 0
../Data/Ground_Beams_Images/Ground_Beams_Images_Video.avi,27, 1000, 373, 37.3, 1168, 3, 0.03, 43, 1.6, 0
../Data/Ground_Beams_Images/Ground_Beams_Images_Video.avi,28, 1000, 790, 79, 1141, 3, 0.03, 43, 1.6, 0
../Data/Ground_Beams_Images/Ground_Beams_Images_Video.avi,29, 1001, 967, 96.6034, 1122, 3, 0.03, 43, 1.6, 0
../Data/Ground_Beams_Images/Ground_Beams_Images_Video.avi,30, 1000, 915, 91.5, 1160, 3, 0.03, 43, 1.6, 0
../Data/Ground_Beams_Images/Ground_Beams_Images_Video.avi,31, 1000, 826, 82.6, 1158, 3, 0.03, 43, 1.6, 0
../Data/Ground_Beams_Images/Ground_Beams_Images_Video.avi,32, 1000, 869, 86.9, 1148, 3, 0.03, 43, 1.6, 0
../Data/Ground_Beams_Images/Ground_Beams_Images_Video.avi,33, 1000, 920, 92, 1161, 3, 0.03, 43, 1.6, 0
../Data/Ground_Beams_Images/Ground_Beams_Images_Video.avi,34, 1001, 829, 82.8172, 1157, 3, 0.03, 43, 1.6, 0
../Data/Ground_Beams_Images/Ground_Beams_Images_Video.avi,35, 1001, 809, 80.8192, 1144, 3, 0.03, 43, 1.6, 0
../Data/Ground_Beams_Images/Ground_Beams_Images_Video.avi,36, 1000, 888, 88.8, 1130, 3, 0.03, 43, 1.6, 0
../Data/Ground_Beams_Images/Ground_Beams_Images_Video.avi,37, 1000, 938, 93.8, 1131, 3, 0.03, 43, 1.6, 0
../Data/Ground_Beams_Images/Ground_Beams_Images_Video.avi,38, 1000, 795, 79.5, 1117, 3, 0.03, 43, 1.6, 0
../Data/Ground_Beams_Images/Ground_Beams_Images_Video.avi,39, 1000, 743, 74.3, 1120, 3, 0.03, 43, 1.6, 0
../Data/Ground_Beams_Images/Ground_Beams_Images_Video.avi,40, 1000, 834, 83.4, 1090, 3, 0.03, 43, 1.6, 0
../Data/Ground_Beams_Images/Ground_Beams_Images_Video.avi,41, 1000, 888, 88.8, 1119, 3, 0.03, 43, 1.6, 0
../Data/Ground_Beams_Images/Ground_Beams_Images_Video.avi,42, 1000, 970, 97, 1121, 3, 0.03, 43, 1.6, 0
../Data/Ground_Beams_Images/Ground_Beams_Images_Video.avi,43, 1000, 421, 42.1, 1143, 3, 0.03, 43, 1.6, 0
../Data/Ground_Beams_Images/Ground_Beams_Images_Video.avi,44, 1001, 711, 71.029, 1226, 3, 0.03, 43, 1.6, 0
../Data/Ground_Beams_Images/Ground_Beams_Images_Video.avi,45, 1001, 923, 92.2078, 1192, 3, 0.03, 43, 1.6, 0
../Data/Ground_Beams_Images/Ground_Beams_Images_Video.avi,46, 1000, 744, 74.4, 1148, 3, 0.03, 43, 1.6, 0
../Data/Ground_Beams_Images/Ground_Beams_Images_Video.avi,47, 1000, 864, 86.4, 1127, 3, 0.03, 43, 1.6, 0
../Data/Ground_Beams_Images/Ground_Beams_Images_Video.avi,48, 1001, 779, 77.8222, 1137, 3, 0.03, 43, 1.6, 0
../Data/Ground_Beams_Images/Ground_Beams_Images_Video.avi,49, 1000, 799, 79.9, 1142, 3, 0.03, 43, 1.6, 0
../Data/Crowded_Sea_Floor_Images/Crowded_Sea_Floor_Images_Video.avi,0, 1001, 111, 11.0889, 1045, 3, 0.03, 43, 1.6, 0
../Data/Crowded_Sea_Floor_Images/Crowded_Sea_Floor_Images_Video.avi,1, 1000, 213, 21.3, 1123, 3, 0.03, 43, 1.6, 0
../Data/Crowded_Sea_Floor_Images/Crowded_Sea_Floor_Images_Video.avi,2, 1000, 181, 18.1, 1132, 3, 0.03, 43, 1.6, 0
../Data/Crowded_Sea_Floor_Images/Crowded_Sea_Floor_Images_Video.avi,3, 1000, 141, 14.1, 1128, 3, 0.03, 43, 1.6, 0
../Data/Crowded_Sea_Floor_Images/Crowded_Sea_Floor_Images_Video.avi,4, 1000, 146, 14.6, 1142, 3, 0.03, 43, 1.6, 0
../Data/Crowded_Sea_Floor_Images/Crowded_Sea_Floor_Images_Video.avi,5, 1001, 6, 0.599401, 1160, 3, 0.03, 43, 1.6, 0
../Data/Crowded_Sea_Floor_Images/Crowded_Sea_Floor_Images_Video.avi,6, 1001, 8, 0.799201, 1150, 3, 0.03, 43, 1.6, 0
../Data/Crowded_Sea_Floor_Images/Crowded_Sea_Floor_Images_Video.avi,7, 1000, 526, 52.6, 1149, 3, 0.03, 43, 1.6, 0
../Data/Crowded_Sea_Floor_Images/Crowded_Sea_Floor_Images_Video.avi,8, 1002, 101, 10.0798, 1151, 3, 0.03, 43, 1.6, 0
../Data/Crowded_Sea_Floor_Images/Crowded_Sea_Floor_Images_Video.avi,9, 1000, 464, 46.4, 1154, 3, 0.03, 43, 1.6, 0
../Data/Crowded_Sea_Floor_Images/Crowded_Sea_Floor_Images_Video.avi,10, 1000, 541, 54.1, 1134, 3, 0.03, 43, 1.6, 0
../Data/Crowded_Sea_Floor_Images/Crowded_Sea_Floor_Images_Video.avi,11, 1000, 246, 24.6, 1137, 3, 0.03, 43, 1.6, 0
../Data/Crowded_Sea_Floor_Images/Crowded_Sea_Floor_Images_Video.avi,12, 1001, 611, 61.039, 1153, 3, 0.03, 43, 1.6, 0
../Data/Crowded_Sea_Floor_Images/Crowded_Sea_Floor_Images_Video.avi,13, 1000, 589, 58.9, 1161, 3, 0.03, 43, 1.6, 0
../Data/Crowded_Sea_Floor_Images/Crowded_Sea_Floor_Images_Video.avi,14, 1000, 208, 20.8, 1190, 3, 0.03, 43, 1.6, 0
../Data/Crowded_Sea_Floor_Images/Crowded_Sea_Floor_Images_Video.avi,15, 1000, 96, 9.6, 1179, 3, 0.03, 43, 1.6, 0
../Data/Crowded_Sea_Floor_Images/Crowded_Sea_Floor_Images_Video.avi,16, 1000, 2, 0.2, 1179, 3, 0.03, 43, 1.6, 0
../Data/Crowded_Sea_Floor_Images/Crowded_Sea_Floor_Images_Video.avi,17, 1000, 8, 0.8, 1186, 3, 0.03, 43, 1.6, 0
../Data/Crowded_Sea_Floor_Images/Crowded_Sea_Floor_Images_Video.avi,18, 1000, 10, 1, 1200, 3, 0.03, 43, 1.6, 0
../Data/Crowded_Sea_Floor_Images/Crowded_Sea_Floor_Images_Video.avi,19, 1000, 46, 4.6, 1193, 3, 0.03, 43, 1.6, 0
../Data/Crowded_Sea_Floor_Images/Crowded_Sea_Floor_Images_Video.avi,20, 1001, 14, 1.3986, 1183, 3, 0.03, 43, 1.6, 0
../Data/Crowded_Sea_Floor_Images/Crowded_Sea_Floor_Images_Video.avi,21, 1000, 9, 0.9, 1190, 3, 0.03, 43, 1.6, 0
../Data/Crowded_Sea_Floor_Images/Crowded_Sea_Floor_Images_Video.avi,22, 1001, 34, 3.3966, 1187, 3, 0.03, 43, 1.6, 0
../Data/Crowded_Sea_Floor_Images/Crowded_Sea_Floor_Images_Video.avi,23, 1000, 8, 0.8, 1182, 3, 0.03, 43, 1.6, 0
../Data/Crowded_Sea_Floor_Images/Crowded_Sea_Floor_Images_Video.avi,24, 1000, 225, 22.5, 1166, 3, 0.03, 43, 1.6, 0
../Data/Crowded_Sea_Floor_Images/Crowded_Sea_Floor_Images_Video.avi,25, 1000, 57, 5.7, 1156, 3, 0.03, 43, 1.6, 0
../Data/Crowded_Sea_Floor_Images/Crowded_Sea_Floor_Images_Video.avi,26, 1001, 121, 12.0879, 1152, 3, 0.03, 43, 1.6, 0
../Data/Crowded_Sea_Floor_Images/Crowded_Sea_Floor_Images_Video.avi,27, 1000, 49, 4.9, 1141, 3, 0.03, 43, 1.6, 0
../Data/Crowded_Sea_Floor_Images/Crowded_Sea_Floor_Images_Video.avi,28, 1000, 13, 1.3, 1137, 3, 0.03, 43, 1.6, 0
../Data/Crowded_Sea_Floor_Images/Crowded_Sea_Floor_Images_Video.avi,29, 1000, 112, 11.2, 1339, 3, 0.03, 43, 1.6, 0
../Data/Crowded_Sea_Floor_Images/Crowded_Sea_Floor_Images_Video.avi,30, 1000, 49, 4.9, 1285, 3, 0.03, 43, 1.6, 0
../Data/Crowded_Sea_Floor_Images/Crowded_Sea_Floor_Images_Video.avi,31, 1000, 56, 5.6, 1160, 3, 0.03, 43, 1.6, 0
../Data/Crowded_Sea_Floor_Images/Crowded_Sea_Floor_Images_Video.avi,32, 1000, 413, 41.3, 1152, 3, 0.03, 43, 1.6, 0
../Data/Crowded_Sea_Floor_Images/Crowded_Sea_Floor_Images_Video.avi,33, 1000, 543, 54.3, 1110, 3, 0.03, 43, 1.6, 0
../Data/Crowded_Sea_Floor_Images/Crowded_Sea_Floor_Images_Video.avi,34, 1000, 382, 38.2, 1104, 3, 0.03, 43, 1.6, 0
../Data/Crowded_Sea_Floor_Images/Crowded_Sea_Floor_Images_Video.avi,35, 1000, 267, 26.7, 1118, 3, 0.03, 43, 1.6, 0
../Data/Crowded_Sea_Floor_Images/Crowded_Sea_Floor_Images_Video.avi,36, 1000, 310, 31, 1102, 3, 0.03, 43, 1.6, 0
../Data/Crowded_Sea_Floor_Images/Crowded_Sea_Floor_Images_Video.avi,37, 1000, 515, 51.5, 1108, 3, 0.03, 43, 1.6, 0
../Data/Crowded_Sea_Floor_Images/Crowded_Sea_Floor_Images_Video.avi,38, 1000, 135, 13.5, 1118, 3, 0.03, 43, 1.6, 0
../Data/Crowded_Sea_Floor_Images/Crowded_Sea_Floor_Images_Video.avi,39, 1000, 91, 9.1, 1178, 3, 0.03, 43, 1.6, 0
../Data/Crowded_Sea_Floor_Images/Crowded_Sea_Floor_Images_Video.avi,40, 1000, 254, 25.4, 1146, 3, 0.03, 43, 1.6, 0
../Data/Crowded_Sea_Floor_Images/Crowded_Sea_Floor_Images_Video.avi,41, 1001, 56, 5.59441, 1122, 3, 0.03, 43, 1.6, 0
../Data/Crowded_Sea_Floor_Images/Crowded_Sea_Floor_Images_Video.avi,42, 1001, 129, 12.8871, 1129, 3, 0.03, 43, 1.6, 0
../Data/Crowded_Sea_Floor_Images/Crowded_Sea_Floor_Images_Video.avi,43, 1001, 376, 37.5624, 1124, 3, 0.03, 43, 1.6, 0
../Data/Crowded_Sea_Floor_Images/Crowded_Sea_Floor_Images_Video.avi,44, 1000, 233, 23.3, 1132, 3, 0.03, 43, 1.6, 0
../Data/Crowded_Sea_Floor_Images/Crowded_Sea_Floor_Images_Video.avi,45, 1002, 218, 21.7565, 1137, 3, 0.03, 43, 1.6, 0
../Data/Crowded_Sea_Floor_Images/Crowded_Sea_Floor_Images_Video.avi,46, 1000, 138, 13.8, 1160, 3, 0.03, 43, 1.6, 0
../Data/Crowded_Sea_Floor_Images/Crowded_Sea_Floor_Images_Video.avi,47, 1000, 69, 6.9, 1138, 3, 0.03, 43, 1.6, 0
../Data/Crowded_Sea_Floor_Images/Crowded_Sea_Floor_Images_Video.avi,48, 1000, 144, 14.4, 1133, 3, 0.03, 43, 1.6, 0
../Data/Crowded_Sea_Floor_Images/Crowded_Sea_Floor_Images_Video.avi,49, 1000, 100, 10, 1178, 3, 0.03, 43, 1.6, 0
