Video, Frame ID, Features Found, Features in pillars, percentage match, time taken to find features (ms), number_octaves
../Data/New_Pillar_Bottom_Images/New_Pillar_Bottom_Images_Video.avi,0, 3, 0, 0, 282, 1
../Data/New_Pillar_Bottom_Images/New_Pillar_Bottom_Images_Video.avi,1, 9, 5, 55.5556, 282, 1
../Data/New_Pillar_Bottom_Images/New_Pillar_Bottom_Images_Video.avi,2, 90, 90, 100, 281, 1
../Data/New_Pillar_Bottom_Images/New_Pillar_Bottom_Images_Video.avi,3, 83, 78, 93.9759, 277, 1
../Data/New_Pillar_Bottom_Images/New_Pillar_Bottom_Images_Video.avi,4, 268, 268, 100, 279, 1
../Data/New_Pillar_Bottom_Images/New_Pillar_Bottom_Images_Video.avi,5, 216, 215, 99.537, 283, 1
../Data/New_Pillar_Bottom_Images/New_Pillar_Bottom_Images_Video.avi,6, 251, 251, 100, 291, 1
../Data/New_Pillar_Bottom_Images/New_Pillar_Bottom_Images_Video.avi,7, 436, 410, 94.0367, 274, 1
../Data/New_Pillar_Bottom_Images/New_Pillar_Bottom_Images_Video.avi,8, 770, 718, 93.2468, 285, 1
../Data/New_Pillar_Bottom_Images/New_Pillar_Bottom_Images_Video.avi,9, 248, 182, 73.3871, 284, 1
../Data/New_Pillar_Bottom_Images/New_Pillar_Bottom_Images_Video.avi,10, 411, 377, 91.7275, 273, 1
../Data/New_Pillar_Bottom_Images/New_Pillar_Bottom_Images_Video.avi,11, 503, 474, 94.2346, 284, 1
../Data/New_Pillar_Bottom_Images/New_Pillar_Bottom_Images_Video.avi,12, 332, 253, 76.2048, 284, 1
../Data/New_Pillar_Bottom_Images/New_Pillar_Bottom_Images_Video.avi,13, 143, 85, 59.4406, 286, 1
../Data/New_Pillar_Bottom_Images/New_Pillar_Bottom_Images_Video.avi,14, 141, 107, 75.8865, 283, 1
../Data/New_Pillar_Bottom_Images/New_Pillar_Bottom_Images_Video.avi,15, 37, 36, 97.2973, 291, 1
../Data/New_Pillar_Bottom_Images/New_Pillar_Bottom_Images_Video.avi,16, 38, 38, 100, 284, 1
../Data/New_Pillar_Bottom_Images/New_Pillar_Bottom_Images_Video.avi,17, 18, 16, 88.8889, 291, 1
../Data/New_Pillar_Bottom_Images/New_Pillar_Bottom_Images_Video.avi,18, 13, 7, 53.8462, 284, 1
../Data/New_Pillar_Bottom_Images/New_Pillar_Bottom_Images_Video.avi,19, 143, 111, 77.6224, 289, 1
../Data/New_Pillar_Bottom_Images/New_Pillar_Bottom_Images_Video.avi,20, 179, 170, 94.9721, 284, 1
../Data/New_Pillar_Bottom_Images/New_Pillar_Bottom_Images_Video.avi,21, 496, 480, 96.7742, 279, 1
../Data/New_Pillar_Bottom_Images/New_Pillar_Bottom_Images_Video.avi,22, 760, 760, 100, 296, 1
../Data/New_Pillar_Bottom_Images/New_Pillar_Bottom_Images_Video.avi,23, 2139, 2109, 98.5975, 280, 1
../Data/New_Pillar_Bottom_Images/New_Pillar_Bottom_Images_Video.avi,24, 1033, 971, 93.9981, 291, 1
../Data/New_Pillar_Bottom_Images/New_Pillar_Bottom_Images_Video.avi,25, 807, 798, 98.8848, 277, 1
../Data/New_Pillar_Bottom_Images/New_Pillar_Bottom_Images_Video.avi,26, 2047, 2019, 98.6321, 287, 1
../Data/New_Pillar_Bottom_Images/New_Pillar_Bottom_Images_Video.avi,27, 1181, 1083, 91.7019, 288, 1
../Data/New_Pillar_Bottom_Images/New_Pillar_Bottom_Images_Video.avi,28, 550, 536, 97.4545, 288, 1
../Data/New_Pillar_Bottom_Images/New_Pillar_Bottom_Images_Video.avi,29, 1246, 1236, 99.1974, 275, 1
../Data/New_Pillar_Bottom_Images/New_Pillar_Bottom_Images_Video.avi,30, 726, 712, 98.0716, 287, 1
../Data/New_Pillar_Bottom_Images/New_Pillar_Bottom_Images_Video.avi,31, 778, 778, 100, 284, 1
../Data/New_Pillar_Bottom_Images/New_Pillar_Bottom_Images_Video.avi,32, 235, 192, 81.7021, 281, 1
../Data/New_Pillar_Bottom_Images/New_Pillar_Bottom_Images_Video.avi,33, 231, 207, 89.6104, 288, 1
../Data/New_Pillar_Bottom_Images/New_Pillar_Bottom_Images_Video.avi,34, 382, 375, 98.1675, 276, 1
../Data/New_Pillar_Bottom_Images/New_Pillar_Bottom_Images_Video.avi,35, 240, 217, 90.4167, 273, 1
../Data/New_Pillar_Bottom_Images/New_Pillar_Bottom_Images_Video.avi,36, 495, 451, 91.1111, 297, 1
../Data/New_Pillar_Bottom_Images/New_Pillar_Bottom_Images_Video.avi,37, 385, 343, 89.0909, 285, 1
../Data/New_Pillar_Bottom_Images/New_Pillar_Bottom_Images_Video.avi,38, 354, 350, 98.8701, 280, 1
../Data/New_Pillar_Bottom_Images/New_Pillar_Bottom_Images_Video.avi,39, 109, 104, 95.4128, 293, 1
../Data/New_Pillar_Bottom_Images/New_Pillar_Bottom_Images_Video.avi,40, 71, 46, 64.7887, 285, 1
../Data/New_Pillar_Bottom_Images/New_Pillar_Bottom_Images_Video.avi,41, 46, 30, 65.2174, 271, 1
../Data/New_Pillar_Bottom_Images/New_Pillar_Bottom_Images_Video.avi,42, 61, 57, 93.4426, 285, 1
../Data/New_Pillar_Bottom_Images/New_Pillar_Bottom_Images_Video.avi,43, 60, 20, 33.3333, 276, 1
../Data/New_Pillar_Bottom_Images/New_Pillar_Bottom_Images_Video.avi,44, 1744, 955, 54.7592, 277, 1
../Data/New_Pillar_Bottom_Images/New_Pillar_Bottom_Images_Video.avi,45, 1211, 586, 48.3898, 287, 1
../Data/New_Pillar_Bottom_Images/New_Pillar_Bottom_Images_Video.avi,46, 809, 391, 48.3313, 277, 1
../Data/New_Pillar_Bottom_Images/New_Pillar_Bottom_Images_Video.avi,47, 521, 271, 52.0154, 281, 1
../Data/New_Pillar_Bottom_Images/New_Pillar_Bottom_Images_Video.avi,48, 320, 226, 70.625, 276, 1
../Data/New_Pillar_Bottom_Images/New_Pillar_Bottom_Images_Video.avi,49, 157, 108, 68.7898, 283, 1
../Data/New_Pillar_Bottom_Images/New_Pillar_Bottom_Images_Video.avi,0, 3, 0, 0, 338, 2
../Data/New_Pillar_Bottom_Images/New_Pillar_Bottom_Images_Video.avi,1, 11, 5, 45.4545, 344, 2
../Data/New_Pillar_Bottom_Images/New_Pillar_Bottom_Images_Video.avi,2, 159, 158, 99.3711, 338, 2
../Data/New_Pillar_Bottom_Images/New_Pillar_Bottom_Images_Video.avi,3, 156, 150, 96.1538, 333, 2
../Data/New_Pillar_Bottom_Images/New_Pillar_Bottom_Images_Video.avi,4, 431, 431, 100, 316, 2
../Data/New_Pillar_Bottom_Images/New_Pillar_Bottom_Images_Video.avi,5, 370, 369, 99.7297, 329, 2
../Data/New_Pillar_Bottom_Images/New_Pillar_Bottom_Images_Video.avi,6, 408, 408, 100, 342, 2
../Data/New_Pillar_Bottom_Images/New_Pillar_Bottom_Images_Video.avi,7, 682, 636, 93.2551, 338, 2
../Data/New_Pillar_Bottom_Images/New_Pillar_Bottom_Images_Video.avi,8, 1190, 1106, 92.9412, 327, 2
../Data/New_Pillar_Bottom_Images/New_Pillar_Bottom_Images_Video.avi,9, 419, 295, 70.4057, 336, 2
../Data/New_Pillar_Bottom_Images/New_Pillar_Bottom_Images_Video.avi,10, 667, 591, 88.6057, 335, 2
../Data/New_Pillar_Bottom_Images/New_Pillar_Bottom_Images_Video.avi,11, 899, 831, 92.436, 339, 2
../Data/New_Pillar_Bottom_Images/New_Pillar_Bottom_Images_Video.avi,12, 679, 496, 73.0486, 346, 2
../Data/New_Pillar_Bottom_Images/New_Pillar_Bottom_Images_Video.avi,13, 284, 168, 59.1549, 339, 2
../Data/New_Pillar_Bottom_Images/New_Pillar_Bottom_Images_Video.avi,14, 267, 192, 71.9101, 324, 2
../Data/New_Pillar_Bottom_Images/New_Pillar_Bottom_Images_Video.avi,15, 64, 62, 96.875, 342, 2
../Data/New_Pillar_Bottom_Images/New_Pillar_Bottom_Images_Video.avi,16, 57, 57, 100, 335, 2
../Data/New_Pillar_Bottom_Images/New_Pillar_Bottom_Images_Video.avi,17, 31, 29, 93.5484, 337, 2
../Data/New_Pillar_Bottom_Images/New_Pillar_Bottom_Images_Video.avi,18, 18, 10, 55.5556, 337, 2
../Data/New_Pillar_Bottom_Images/New_Pillar_Bottom_Images_Video.avi,19, 220, 185, 84.0909, 334, 2
../Data/New_Pillar_Bottom_Images/New_Pillar_Bottom_Images_Video.avi,20, 282, 273, 96.8085, 332, 2
../Data/New_Pillar_Bottom_Images/New_Pillar_Bottom_Images_Video.avi,21, 776, 752, 96.9072, 324, 2
../Data/New_Pillar_Bottom_Images/New_Pillar_Bottom_Images_Video.avi,22, 1168, 1167, 99.9144, 317, 2
../Data/New_Pillar_Bottom_Images/New_Pillar_Bottom_Images_Video.avi,23, 2922, 2855, 97.707, 339, 2
../Data/New_Pillar_Bottom_Images/New_Pillar_Bottom_Images_Video.avi,24, 1703, 1573, 92.3664, 332, 2
../Data/New_Pillar_Bottom_Images/New_Pillar_Bottom_Images_Video.avi,25, 1459, 1422, 97.464, 347, 2
../Data/New_Pillar_Bottom_Images/New_Pillar_Bottom_Images_Video.avi,26, 2900, 2844, 98.069, 332, 2
../Data/New_Pillar_Bottom_Images/New_Pillar_Bottom_Images_Video.avi,27, 1735, 1585, 91.3545, 336, 2
../Data/New_Pillar_Bottom_Images/New_Pillar_Bottom_Images_Video.avi,28, 829, 804, 96.9843, 324, 2
../Data/New_Pillar_Bottom_Images/New_Pillar_Bottom_Images_Video.avi,29, 1795, 1779, 99.1086, 341, 2
../Data/New_Pillar_Bottom_Images/New_Pillar_Bottom_Images_Video.avi,30, 1089, 1063, 97.6125, 345, 2
../Data/New_Pillar_Bottom_Images/New_Pillar_Bottom_Images_Video.avi,31, 1157, 1157, 100, 324, 2
../Data/New_Pillar_Bottom_Images/New_Pillar_Bottom_Images_Video.avi,32, 381, 324, 85.0394, 327, 2
../Data/New_Pillar_Bottom_Images/New_Pillar_Bottom_Images_Video.avi,33, 352, 323, 91.7614, 327, 2
../Data/New_Pillar_Bottom_Images/New_Pillar_Bottom_Images_Video.avi,34, 697, 682, 97.8479, 342, 2
../Data/New_Pillar_Bottom_Images/New_Pillar_Bottom_Images_Video.avi,35, 379, 348, 91.8206, 333, 2
../Data/New_Pillar_Bottom_Images/New_Pillar_Bottom_Images_Video.avi,36, 740, 677, 91.4865, 328, 2
../Data/New_Pillar_Bottom_Images/New_Pillar_Bottom_Images_Video.avi,37, 628, 573, 91.242, 325, 2
../Data/New_Pillar_Bottom_Images/New_Pillar_Bottom_Images_Video.avi,38, 650, 645, 99.2308, 318, 2
../Data/New_Pillar_Bottom_Images/New_Pillar_Bottom_Images_Video.avi,39, 204, 197, 96.5686, 317, 2
../Data/New_Pillar_Bottom_Images/New_Pillar_Bottom_Images_Video.avi,40, 117, 83, 70.9402, 339, 2
../Data/New_Pillar_Bottom_Images/New_Pillar_Bottom_Images_Video.avi,41, 64, 44, 68.75, 331, 2
../Data/New_Pillar_Bottom_Images/New_Pillar_Bottom_Images_Video.avi,42, 96, 91, 94.7917, 335, 2
../Data/New_Pillar_Bottom_Images/New_Pillar_Bottom_Images_Video.avi,43, 100, 43, 43, 328, 2
../Data/New_Pillar_Bottom_Images/New_Pillar_Bottom_Images_Video.avi,44, 2222, 1304, 58.6859, 337, 2
../Data/New_Pillar_Bottom_Images/New_Pillar_Bottom_Images_Video.avi,45, 1571, 820, 52.1961, 327, 2
../Data/New_Pillar_Bottom_Images/New_Pillar_Bottom_Images_Video.avi,46, 1024, 533, 52.0508, 336, 2
../Data/New_Pillar_Bottom_Images/New_Pillar_Bottom_Images_Video.avi,47, 665, 371, 55.7895, 322, 2
../Data/New_Pillar_Bottom_Images/New_Pillar_Bottom_Images_Video.avi,48, 474, 342, 72.1519, 324, 2
../Data/New_Pillar_Bottom_Images/New_Pillar_Bottom_Images_Video.avi,49, 306, 234, 76.4706, 333, 2
../Data/New_Pillar_Bottom_Images/New_Pillar_Bottom_Images_Video.avi,0, 3, 0, 0, 352, 3
../Data/New_Pillar_Bottom_Images/New_Pillar_Bottom_Images_Video.avi,1, 11, 5, 45.4545, 353, 3
../Data/New_Pillar_Bottom_Images/New_Pillar_Bottom_Images_Video.avi,2, 180, 179, 99.4444, 341, 3
../Data/New_Pillar_Bottom_Images/New_Pillar_Bottom_Images_Video.avi,3, 176, 170, 96.5909, 347, 3
../Data/New_Pillar_Bottom_Images/New_Pillar_Bottom_Images_Video.avi,4, 489, 488, 99.7955, 342, 3
../Data/New_Pillar_Bottom_Images/New_Pillar_Bottom_Images_Video.avi,5, 424, 423, 99.7642, 345, 3
../Data/New_Pillar_Bottom_Images/New_Pillar_Bottom_Images_Video.avi,6, 475, 475, 100, 358, 3
../Data/New_Pillar_Bottom_Images/New_Pillar_Bottom_Images_Video.avi,7, 775, 710, 91.6129, 345, 3
../Data/New_Pillar_Bottom_Images/New_Pillar_Bottom_Images_Video.avi,8, 1322, 1219, 92.2088, 353, 3
../Data/New_Pillar_Bottom_Images/New_Pillar_Bottom_Images_Video.avi,9, 486, 345, 70.9877, 356, 3
../Data/New_Pillar_Bottom_Images/New_Pillar_Bottom_Images_Video.avi,10, 761, 661, 86.8594, 341, 3
../Data/New_Pillar_Bottom_Images/New_Pillar_Bottom_Images_Video.avi,11, 1037, 944, 91.0318, 341, 3
../Data/New_Pillar_Bottom_Images/New_Pillar_Bottom_Images_Video.avi,12, 803, 564, 70.2366, 350, 3
../Data/New_Pillar_Bottom_Images/New_Pillar_Bottom_Images_Video.avi,13, 342, 198, 57.8947, 346, 3
../Data/New_Pillar_Bottom_Images/New_Pillar_Bottom_Images_Video.avi,14, 320, 222, 69.375, 349, 3
../Data/New_Pillar_Bottom_Images/New_Pillar_Bottom_Images_Video.avi,15, 87, 85, 97.7011, 360, 3
../Data/New_Pillar_Bottom_Images/New_Pillar_Bottom_Images_Video.avi,16, 60, 60, 100, 344, 3
../Data/New_Pillar_Bottom_Images/New_Pillar_Bottom_Images_Video.avi,17, 34, 32, 94.1176, 359, 3
../Data/New_Pillar_Bottom_Images/New_Pillar_Bottom_Images_Video.avi,18, 18, 10, 55.5556, 342, 3
../Data/New_Pillar_Bottom_Images/New_Pillar_Bottom_Images_Video.avi,19, 237, 202, 85.2321, 350, 3
../Data/New_Pillar_Bottom_Images/New_Pillar_Bottom_Images_Video.avi,20, 314, 305, 97.1338, 349, 3
../Data/New_Pillar_Bottom_Images/New_Pillar_Bottom_Images_Video.avi,21, 866, 837, 96.6513, 343, 3
../Data/New_Pillar_Bottom_Images/New_Pillar_Bottom_Images_Video.avi,22, 1286, 1285, 99.9222, 335, 3
../Data/New_Pillar_Bottom_Images/New_Pillar_Bottom_Images_Video.avi,23, 3104, 3016, 97.1649, 343, 3
../Data/New_Pillar_Bottom_Images/New_Pillar_Bottom_Images_Video.avi,24, 1902, 1743, 91.6404, 356, 3
../Data/New_Pillar_Bottom_Images/New_Pillar_Bottom_Images_Video.avi,25, 1656, 1600, 96.6184, 358, 3
../Data/New_Pillar_Bottom_Images/New_Pillar_Bottom_Images_Video.avi,26, 3133, 3062, 97.7338, 336, 3
../Data/New_Pillar_Bottom_Images/New_Pillar_Bottom_Images_Video.avi,27, 1895, 1727, 91.1346, 353, 3
../Data/New_Pillar_Bottom_Images/New_Pillar_Bottom_Images_Video.avi,28, 900, 873, 97, 346, 3
../Data/New_Pillar_Bottom_Images/New_Pillar_Bottom_Images_Video.avi,29, 1912, 1896, 99.1632, 343, 3
../Data/New_Pillar_Bottom_Images/New_Pillar_Bottom_Images_Video.avi,30, 1160, 1132, 97.5862, 340, 3
../Data/New_Pillar_Bottom_Images/New_Pillar_Bottom_Images_Video.avi,31, 1240, 1240, 100, 346, 3
../Data/New_Pillar_Bottom_Images/New_Pillar_Bottom_Images_Video.avi,32, 424, 366, 86.3208, 347, 3
../Data/New_Pillar_Bottom_Images/New_Pillar_Bottom_Images_Video.avi,33, 380, 351, 92.3684, 351, 3
../Data/New_Pillar_Bottom_Images/New_Pillar_Bottom_Images_Video.avi,34, 785, 770, 98.0892, 354, 3
../Data/New_Pillar_Bottom_Images/New_Pillar_Bottom_Images_Video.avi,35, 424, 393, 92.6887, 351, 3
../Data/New_Pillar_Bottom_Images/New_Pillar_Bottom_Images_Video.avi,36, 794, 727, 91.5617, 348, 3
../Data/New_Pillar_Bottom_Images/New_Pillar_Bottom_Images_Video.avi,37, 694, 639, 92.0749, 361, 3
../Data/New_Pillar_Bottom_Images/New_Pillar_Bottom_Images_Video.avi,38, 719, 714, 99.3046, 335, 3
../Data/New_Pillar_Bottom_Images/New_Pillar_Bottom_Images_Video.avi,39, 238, 231, 97.0588, 337, 3
../Data/New_Pillar_Bottom_Images/New_Pillar_Bottom_Images_Video.avi,40, 126, 92, 73.0159, 352, 3
../Data/New_Pillar_Bottom_Images/New_Pillar_Bottom_Images_Video.avi,41, 68, 48, 70.5882, 334, 3
../Data/New_Pillar_Bottom_Images/New_Pillar_Bottom_Images_Video.avi,42, 110, 105, 95.4545, 330, 3
../Data/New_Pillar_Bottom_Images/New_Pillar_Bottom_Images_Video.avi,43, 108, 50, 46.2963, 346, 3
../Data/New_Pillar_Bottom_Images/New_Pillar_Bottom_Images_Video.avi,44, 2303, 1377, 59.7916, 351, 3
../Data/New_Pillar_Bottom_Images/New_Pillar_Bottom_Images_Video.avi,45, 1636, 874, 53.423, 341, 3
../Data/New_Pillar_Bottom_Images/New_Pillar_Bottom_Images_Video.avi,46, 1063, 567, 53.3396, 336, 3
../Data/New_Pillar_Bottom_Images/New_Pillar_Bottom_Images_Video.avi,47, 689, 392, 56.894, 338, 3
../Data/New_Pillar_Bottom_Images/New_Pillar_Bottom_Images_Video.avi,48, 511, 378, 73.9726, 351, 3
../Data/New_Pillar_Bottom_Images/New_Pillar_Bottom_Images_Video.avi,49, 398, 321, 80.6533, 351, 3
../Data/New_Pillar_Bottom_Images/New_Pillar_Bottom_Images_Video.avi,0, 3, 0, 0, 364, 4
../Data/New_Pillar_Bottom_Images/New_Pillar_Bottom_Images_Video.avi,1, 11, 5, 45.4545, 348, 4
../Data/New_Pillar_Bottom_Images/New_Pillar_Bottom_Images_Video.avi,2, 185, 184, 99.4595, 359, 4
../Data/New_Pillar_Bottom_Images/New_Pillar_Bottom_Images_Video.avi,3, 181, 175, 96.6851, 346, 4
../Data/New_Pillar_Bottom_Images/New_Pillar_Bottom_Images_Video.avi,4, 498, 497, 99.7992, 361, 4
../Data/New_Pillar_Bottom_Images/New_Pillar_Bottom_Images_Video.avi,5, 433, 432, 99.7691, 365, 4
../Data/New_Pillar_Bottom_Images/New_Pillar_Bottom_Images_Video.avi,6, 486, 484, 99.5885, 350, 4
../Data/New_Pillar_Bottom_Images/New_Pillar_Bottom_Images_Video.avi,7, 800, 729, 91.125, 347, 4
../Data/New_Pillar_Bottom_Images/New_Pillar_Bottom_Images_Video.avi,8, 1348, 1238, 91.8398, 352, 4
../Data/New_Pillar_Bottom_Images/New_Pillar_Bottom_Images_Video.avi,9, 499, 354, 70.9419, 366, 4
../Data/New_Pillar_Bottom_Images/New_Pillar_Bottom_Images_Video.avi,10, 779, 673, 86.3928, 362, 4
../Data/New_Pillar_Bottom_Images/New_Pillar_Bottom_Images_Video.avi,11, 1062, 964, 90.7721, 349, 4
../Data/New_Pillar_Bottom_Images/New_Pillar_Bottom_Images_Video.avi,12, 822, 573, 69.708, 357, 4
../Data/New_Pillar_Bottom_Images/New_Pillar_Bottom_Images_Video.avi,13, 359, 206, 57.3816, 347, 4
../Data/New_Pillar_Bottom_Images/New_Pillar_Bottom_Images_Video.avi,14, 335, 230, 68.6567, 359, 4
../Data/New_Pillar_Bottom_Images/New_Pillar_Bottom_Images_Video.avi,15, 91, 89, 97.8022, 340, 4
../Data/New_Pillar_Bottom_Images/New_Pillar_Bottom_Images_Video.avi,16, 62, 62, 100, 356, 4
../Data/New_Pillar_Bottom_Images/New_Pillar_Bottom_Images_Video.avi,17, 35, 33, 94.2857, 352, 4
../Data/New_Pillar_Bottom_Images/New_Pillar_Bottom_Images_Video.avi,18, 18, 10, 55.5556, 357, 4
../Data/New_Pillar_Bottom_Images/New_Pillar_Bottom_Images_Video.avi,19, 246, 211, 85.7724, 354, 4
../Data/New_Pillar_Bottom_Images/New_Pillar_Bottom_Images_Video.avi,20, 321, 312, 97.1963, 351, 4
../Data/New_Pillar_Bottom_Images/New_Pillar_Bottom_Images_Video.avi,21, 875, 846, 96.6857, 350, 4
../Data/New_Pillar_Bottom_Images/New_Pillar_Bottom_Images_Video.avi,22, 1304, 1303, 99.9233, 359, 4
../Data/New_Pillar_Bottom_Images/New_Pillar_Bottom_Images_Video.avi,23, 3140, 3045, 96.9745, 360, 4
../Data/New_Pillar_Bottom_Images/New_Pillar_Bottom_Images_Video.avi,24, 1935, 1768, 91.3695, 361, 4
../Data/New_Pillar_Bottom_Images/New_Pillar_Bottom_Images_Video.avi,25, 1682, 1624, 96.5517, 344, 4
../Data/New_Pillar_Bottom_Images/New_Pillar_Bottom_Images_Video.avi,26, 3170, 3095, 97.6341, 366, 4
../Data/New_Pillar_Bottom_Images/New_Pillar_Bottom_Images_Video.avi,27, 1923, 1752, 91.1076, 353, 4
../Data/New_Pillar_Bottom_Images/New_Pillar_Bottom_Images_Video.avi,28, 908, 881, 97.0264, 353, 4
../Data/New_Pillar_Bottom_Images/New_Pillar_Bottom_Images_Video.avi,29, 1925, 1909, 99.1688, 368, 4
../Data/New_Pillar_Bottom_Images/New_Pillar_Bottom_Images_Video.avi,30, 1167, 1138, 97.515, 362, 4
../Data/New_Pillar_Bottom_Images/New_Pillar_Bottom_Images_Video.avi,31, 1246, 1246, 100, 359, 4
../Data/New_Pillar_Bottom_Images/New_Pillar_Bottom_Images_Video.avi,32, 430, 372, 86.5116, 337, 4
../Data/New_Pillar_Bottom_Images/New_Pillar_Bottom_Images_Video.avi,33, 383, 354, 92.4282, 362, 4
../Data/New_Pillar_Bottom_Images/New_Pillar_Bottom_Images_Video.avi,34, 793, 778, 98.1084, 351, 4
../Data/New_Pillar_Bottom_Images/New_Pillar_Bottom_Images_Video.avi,35, 434, 403, 92.8571, 349, 4
../Data/New_Pillar_Bottom_Images/New_Pillar_Bottom_Images_Video.avi,36, 800, 733, 91.625, 354, 4
../Data/New_Pillar_Bottom_Images/New_Pillar_Bottom_Images_Video.avi,37, 704, 649, 92.1875, 352, 4
../Data/New_Pillar_Bottom_Images/New_Pillar_Bottom_Images_Video.avi,38, 730, 725, 99.3151, 357, 4
../Data/New_Pillar_Bottom_Images/New_Pillar_Bottom_Images_Video.avi,39, 241, 234, 97.0954, 364, 4
../Data/New_Pillar_Bottom_Images/New_Pillar_Bottom_Images_Video.avi,40, 127, 93, 73.2283, 361, 4
../Data/New_Pillar_Bottom_Images/New_Pillar_Bottom_Images_Video.avi,41, 68, 48, 70.5882, 336, 4
../Data/New_Pillar_Bottom_Images/New_Pillar_Bottom_Images_Video.avi,42, 114, 109, 95.614, 359, 4
../Data/New_Pillar_Bottom_Images/New_Pillar_Bottom_Images_Video.avi,43, 109, 51, 46.789, 348, 4
../Data/New_Pillar_Bottom_Images/New_Pillar_Bottom_Images_Video.avi,44, 2315, 1389, 60, 345, 4
../Data/New_Pillar_Bottom_Images/New_Pillar_Bottom_Images_Video.avi,45, 1643, 881, 53.6214, 361, 4
../Data/New_Pillar_Bottom_Images/New_Pillar_Bottom_Images_Video.avi,46, 1068, 572, 53.5581, 361, 4
../Data/New_Pillar_Bottom_Images/New_Pillar_Bottom_Images_Video.avi,47, 695, 398, 57.2662, 359, 4
../Data/New_Pillar_Bottom_Images/New_Pillar_Bottom_Images_Video.avi,48, 516, 383, 74.2248, 345, 4
../Data/New_Pillar_Bottom_Images/New_Pillar_Bottom_Images_Video.avi,49, 414, 337, 81.401, 345, 4
../Data/New_Pillar_Bottom_Images/New_Pillar_Bottom_Images_Video.avi,0, 3, 0, 0, 351, 5
../Data/New_Pillar_Bottom_Images/New_Pillar_Bottom_Images_Video.avi,1, 11, 5, 45.4545, 331, 5
../Data/New_Pillar_Bottom_Images/New_Pillar_Bottom_Images_Video.avi,2, 185, 184, 99.4595, 347, 5
../Data/New_Pillar_Bottom_Images/New_Pillar_Bottom_Images_Video.avi,3, 181, 175, 96.6851, 360, 5
../Data/New_Pillar_Bottom_Images/New_Pillar_Bottom_Images_Video.avi,4, 498, 497, 99.7992, 349, 5
../Data/New_Pillar_Bottom_Images/New_Pillar_Bottom_Images_Video.avi,5, 433, 432, 99.7691, 351, 5
../Data/New_Pillar_Bottom_Images/New_Pillar_Bottom_Images_Video.avi,6, 486, 484, 99.5885, 357, 5
../Data/New_Pillar_Bottom_Images/New_Pillar_Bottom_Images_Video.avi,7, 800, 729, 91.125, 344, 5
../Data/New_Pillar_Bottom_Images/New_Pillar_Bottom_Images_Video.avi,8, 1348, 1238, 91.8398, 346, 5
../Data/New_Pillar_Bottom_Images/New_Pillar_Bottom_Images_Video.avi,9, 499, 354, 70.9419, 321, 5
../Data/New_Pillar_Bottom_Images/New_Pillar_Bottom_Images_Video.avi,10, 779, 673, 86.3928, 307, 5
../Data/New_Pillar_Bottom_Images/New_Pillar_Bottom_Images_Video.avi,11, 1062, 964, 90.7721, 318, 5
../Data/New_Pillar_Bottom_Images/New_Pillar_Bottom_Images_Video.avi,12, 822, 573, 69.708, 312, 5
../Data/New_Pillar_Bottom_Images/New_Pillar_Bottom_Images_Video.avi,13, 359, 206, 57.3816, 337, 5
../Data/New_Pillar_Bottom_Images/New_Pillar_Bottom_Images_Video.avi,14, 335, 230, 68.6567, 326, 5
../Data/New_Pillar_Bottom_Images/New_Pillar_Bottom_Images_Video.avi,15, 91, 89, 97.8022, 356, 5
../Data/New_Pillar_Bottom_Images/New_Pillar_Bottom_Images_Video.avi,16, 62, 62, 100, 310, 5
../Data/New_Pillar_Bottom_Images/New_Pillar_Bottom_Images_Video.avi,17, 35, 33, 94.2857, 355, 5
../Data/New_Pillar_Bottom_Images/New_Pillar_Bottom_Images_Video.avi,18, 18, 10, 55.5556, 339, 5
../Data/New_Pillar_Bottom_Images/New_Pillar_Bottom_Images_Video.avi,19, 246, 211, 85.7724, 306, 5
../Data/New_Pillar_Bottom_Images/New_Pillar_Bottom_Images_Video.avi,20, 321, 312, 97.1963, 362, 5
../Data/New_Pillar_Bottom_Images/New_Pillar_Bottom_Images_Video.avi,21, 875, 846, 96.6857, 329, 5
../Data/New_Pillar_Bottom_Images/New_Pillar_Bottom_Images_Video.avi,22, 1304, 1303, 99.9233, 351, 5
../Data/New_Pillar_Bottom_Images/New_Pillar_Bottom_Images_Video.avi,23, 3140, 3045, 96.9745, 348, 5
../Data/New_Pillar_Bottom_Images/New_Pillar_Bottom_Images_Video.avi,24, 1935, 1768, 91.3695, 349, 5
../Data/New_Pillar_Bottom_Images/New_Pillar_Bottom_Images_Video.avi,25, 1682, 1624, 96.5517, 311, 5
../Data/New_Pillar_Bottom_Images/New_Pillar_Bottom_Images_Video.avi,26, 3170, 3095, 97.6341, 368, 5
../Data/New_Pillar_Bottom_Images/New_Pillar_Bottom_Images_Video.avi,27, 1923, 1752, 91.1076, 355, 5
../Data/New_Pillar_Bottom_Images/New_Pillar_Bottom_Images_Video.avi,28, 908, 881, 97.0264, 348, 5
../Data/New_Pillar_Bottom_Images/New_Pillar_Bottom_Images_Video.avi,29, 1925, 1909, 99.1688, 365, 5
../Data/New_Pillar_Bottom_Images/New_Pillar_Bottom_Images_Video.avi,30, 1167, 1138, 97.515, 336, 5
../Data/New_Pillar_Bottom_Images/New_Pillar_Bottom_Images_Video.avi,31, 1246, 1246, 100, 349, 5
../Data/New_Pillar_Bottom_Images/New_Pillar_Bottom_Images_Video.avi,32, 430, 372, 86.5116, 358, 5
../Data/New_Pillar_Bottom_Images/New_Pillar_Bottom_Images_Video.avi,33, 383, 354, 92.4282, 366, 5
../Data/New_Pillar_Bottom_Images/New_Pillar_Bottom_Images_Video.avi,34, 793, 778, 98.1084, 345, 5
../Data/New_Pillar_Bottom_Images/New_Pillar_Bottom_Images_Video.avi,35, 434, 403, 92.8571, 313, 5
../Data/New_Pillar_Bottom_Images/New_Pillar_Bottom_Images_Video.avi,36, 800, 733, 91.625, 358, 5
../Data/New_Pillar_Bottom_Images/New_Pillar_Bottom_Images_Video.avi,37, 704, 649, 92.1875, 332, 5
../Data/New_Pillar_Bottom_Images/New_Pillar_Bottom_Images_Video.avi,38, 730, 725, 99.3151, 355, 5
../Data/New_Pillar_Bottom_Images/New_Pillar_Bottom_Images_Video.avi,39, 241, 234, 97.0954, 333, 5
../Data/New_Pillar_Bottom_Images/New_Pillar_Bottom_Images_Video.avi,40, 127, 93, 73.2283, 346, 5
../Data/New_Pillar_Bottom_Images/New_Pillar_Bottom_Images_Video.avi,41, 68, 48, 70.5882, 352, 5
../Data/New_Pillar_Bottom_Images/New_Pillar_Bottom_Images_Video.avi,42, 114, 109, 95.614, 343, 5
../Data/New_Pillar_Bottom_Images/New_Pillar_Bottom_Images_Video.avi,43, 109, 51, 46.789, 352, 5
../Data/New_Pillar_Bottom_Images/New_Pillar_Bottom_Images_Video.avi,44, 2315, 1389, 60, 375, 5
../Data/New_Pillar_Bottom_Images/New_Pillar_Bottom_Images_Video.avi,45, 1643, 881, 53.6214, 368, 5
../Data/New_Pillar_Bottom_Images/New_Pillar_Bottom_Images_Video.avi,46, 1068, 572, 53.5581, 355, 5
../Data/New_Pillar_Bottom_Images/New_Pillar_Bottom_Images_Video.avi,47, 695, 398, 57.2662, 356, 5
../Data/New_Pillar_Bottom_Images/New_Pillar_Bottom_Images_Video.avi,48, 517, 384, 74.2747, 367, 5
../Data/New_Pillar_Bottom_Images/New_Pillar_Bottom_Images_Video.avi,49, 414, 337, 81.401, 341, 5
../Data/New_Pillar_Bottom_Images/New_Pillar_Bottom_Images_Video.avi,0, 3, 0, 0, 366, 6
../Data/New_Pillar_Bottom_Images/New_Pillar_Bottom_Images_Video.avi,1, 11, 5, 45.4545, 346, 6
../Data/New_Pillar_Bottom_Images/New_Pillar_Bottom_Images_Video.avi,2, 185, 184, 99.4595, 358, 6
../Data/New_Pillar_Bottom_Images/New_Pillar_Bottom_Images_Video.avi,3, 181, 175, 96.6851, 355, 6
../Data/New_Pillar_Bottom_Images/New_Pillar_Bottom_Images_Video.avi,4, 498, 497, 99.7992, 349, 6
../Data/New_Pillar_Bottom_Images/New_Pillar_Bottom_Images_Video.avi,5, 433, 432, 99.7691, 357, 6
../Data/New_Pillar_Bottom_Images/New_Pillar_Bottom_Images_Video.avi,6, 486, 484, 99.5885, 350, 6
../Data/New_Pillar_Bottom_Images/New_Pillar_Bottom_Images_Video.avi,7, 800, 729, 91.125, 363, 6
../Data/New_Pillar_Bottom_Images/New_Pillar_Bottom_Images_Video.avi,8, 1348, 1238, 91.8398, 363, 6
../Data/New_Pillar_Bottom_Images/New_Pillar_Bottom_Images_Video.avi,9, 499, 354, 70.9419, 362, 6
../Data/New_Pillar_Bottom_Images/New_Pillar_Bottom_Images_Video.avi,10, 779, 673, 86.3928, 364, 6
../Data/New_Pillar_Bottom_Images/New_Pillar_Bottom_Images_Video.avi,11, 1062, 964, 90.7721, 353, 6
../Data/New_Pillar_Bottom_Images/New_Pillar_Bottom_Images_Video.avi,12, 822, 573, 69.708, 322, 6
../Data/New_Pillar_Bottom_Images/New_Pillar_Bottom_Images_Video.avi,13, 359, 206, 57.3816, 360, 6
../Data/New_Pillar_Bottom_Images/New_Pillar_Bottom_Images_Video.avi,14, 335, 230, 68.6567, 368, 6
../Data/New_Pillar_Bottom_Images/New_Pillar_Bottom_Images_Video.avi,15, 91, 89, 97.8022, 356, 6
../Data/New_Pillar_Bottom_Images/New_Pillar_Bottom_Images_Video.avi,16, 62, 62, 100, 355, 6
../Data/New_Pillar_Bottom_Images/New_Pillar_Bottom_Images_Video.avi,17, 35, 33, 94.2857, 355, 6
../Data/New_Pillar_Bottom_Images/New_Pillar_Bottom_Images_Video.avi,18, 18, 10, 55.5556, 356, 6
../Data/New_Pillar_Bottom_Images/New_Pillar_Bottom_Images_Video.avi,19, 246, 211, 85.7724, 313, 6
../Data/New_Pillar_Bottom_Images/New_Pillar_Bottom_Images_Video.avi,20, 321, 312, 97.1963, 320, 6
../Data/New_Pillar_Bottom_Images/New_Pillar_Bottom_Images_Video.avi,21, 875, 846, 96.6857, 314, 6
../Data/New_Pillar_Bottom_Images/New_Pillar_Bottom_Images_Video.avi,22, 1304, 1303, 99.9233, 350, 6
../Data/New_Pillar_Bottom_Images/New_Pillar_Bottom_Images_Video.avi,23, 3140, 3045, 96.9745, 350, 6
../Data/New_Pillar_Bottom_Images/New_Pillar_Bottom_Images_Video.avi,24, 1935, 1768, 91.3695, 326, 6
../Data/New_Pillar_Bottom_Images/New_Pillar_Bottom_Images_Video.avi,25, 1682, 1624, 96.5517, 367, 6
../Data/New_Pillar_Bottom_Images/New_Pillar_Bottom_Images_Video.avi,26, 3170, 3095, 97.6341, 345, 6
../Data/New_Pillar_Bottom_Images/New_Pillar_Bottom_Images_Video.avi,27, 1923, 1752, 91.1076, 350, 6
../Data/New_Pillar_Bottom_Images/New_Pillar_Bottom_Images_Video.avi,28, 908, 881, 97.0264, 369, 6
../Data/New_Pillar_Bottom_Images/New_Pillar_Bottom_Images_Video.avi,29, 1925, 1909, 99.1688, 355, 6
../Data/New_Pillar_Bottom_Images/New_Pillar_Bottom_Images_Video.avi,30, 1167, 1138, 97.515, 350, 6
../Data/New_Pillar_Bottom_Images/New_Pillar_Bottom_Images_Video.avi,31, 1246, 1246, 100, 366, 6
../Data/New_Pillar_Bottom_Images/New_Pillar_Bottom_Images_Video.avi,32, 430, 372, 86.5116, 354, 6
../Data/New_Pillar_Bottom_Images/New_Pillar_Bottom_Images_Video.avi,33, 383, 354, 92.4282, 329, 6
../Data/New_Pillar_Bottom_Images/New_Pillar_Bottom_Images_Video.avi,34, 793, 778, 98.1084, 370, 6
../Data/New_Pillar_Bottom_Images/New_Pillar_Bottom_Images_Video.avi,35, 434, 403, 92.8571, 364, 6
../Data/New_Pillar_Bottom_Images/New_Pillar_Bottom_Images_Video.avi,36, 800, 733, 91.625, 361, 6
../Data/New_Pillar_Bottom_Images/New_Pillar_Bottom_Images_Video.avi,37, 704, 649, 92.1875, 368, 6
../Data/New_Pillar_Bottom_Images/New_Pillar_Bottom_Images_Video.avi,38, 730, 725, 99.3151, 360, 6
../Data/New_Pillar_Bottom_Images/New_Pillar_Bottom_Images_Video.avi,39, 241, 234, 97.0954, 362, 6
../Data/New_Pillar_Bottom_Images/New_Pillar_Bottom_Images_Video.avi,40, 127, 93, 73.2283, 364, 6
../Data/New_Pillar_Bottom_Images/New_Pillar_Bottom_Images_Video.avi,41, 68, 48, 70.5882, 349, 6
../Data/New_Pillar_Bottom_Images/New_Pillar_Bottom_Images_Video.avi,42, 114, 109, 95.614, 326, 6
../Data/New_Pillar_Bottom_Images/New_Pillar_Bottom_Images_Video.avi,43, 109, 51, 46.789, 345, 6
../Data/New_Pillar_Bottom_Images/New_Pillar_Bottom_Images_Video.avi,44, 2315, 1389, 60, 369, 6
../Data/New_Pillar_Bottom_Images/New_Pillar_Bottom_Images_Video.avi,45, 1643, 881, 53.6214, 359, 6
../Data/New_Pillar_Bottom_Images/New_Pillar_Bottom_Images_Video.avi,46, 1068, 572, 53.5581, 363, 6
../Data/New_Pillar_Bottom_Images/New_Pillar_Bottom_Images_Video.avi,47, 695, 398, 57.2662, 365, 6
../Data/New_Pillar_Bottom_Images/New_Pillar_Bottom_Images_Video.avi,48, 517, 384, 74.2747, 361, 6
../Data/New_Pillar_Bottom_Images/New_Pillar_Bottom_Images_Video.avi,49, 414, 337, 81.401, 355, 6
../Data/New_Pillar_Bottom_Images/New_Pillar_Bottom_Images_Video.avi,0, 3, 0, 0, 352, 7
../Data/New_Pillar_Bottom_Images/New_Pillar_Bottom_Images_Video.avi,1, 11, 5, 45.4545, 359, 7
../Data/New_Pillar_Bottom_Images/New_Pillar_Bottom_Images_Video.avi,2, 185, 184, 99.4595, 348, 7
../Data/New_Pillar_Bottom_Images/New_Pillar_Bottom_Images_Video.avi,3, 181, 175, 96.6851, 357, 7
../Data/New_Pillar_Bottom_Images/New_Pillar_Bottom_Images_Video.avi,4, 498, 497, 99.7992, 358, 7
../Data/New_Pillar_Bottom_Images/New_Pillar_Bottom_Images_Video.avi,5, 433, 432, 99.7691, 325, 7
../Data/New_Pillar_Bottom_Images/New_Pillar_Bottom_Images_Video.avi,6, 486, 484, 99.5885, 348, 7
../Data/New_Pillar_Bottom_Images/New_Pillar_Bottom_Images_Video.avi,7, 800, 729, 91.125, 360, 7
../Data/New_Pillar_Bottom_Images/New_Pillar_Bottom_Images_Video.avi,8, 1348, 1238, 91.8398, 354, 7
../Data/New_Pillar_Bottom_Images/New_Pillar_Bottom_Images_Video.avi,9, 499, 354, 70.9419, 361, 7
../Data/New_Pillar_Bottom_Images/New_Pillar_Bottom_Images_Video.avi,10, 779, 673, 86.3928, 364, 7
../Data/New_Pillar_Bottom_Images/New_Pillar_Bottom_Images_Video.avi,11, 1062, 964, 90.7721, 354, 7
../Data/New_Pillar_Bottom_Images/New_Pillar_Bottom_Images_Video.avi,12, 822, 573, 69.708, 362, 7
../Data/New_Pillar_Bottom_Images/New_Pillar_Bottom_Images_Video.avi,13, 359, 206, 57.3816, 357, 7
../Data/New_Pillar_Bottom_Images/New_Pillar_Bottom_Images_Video.avi,14, 335, 230, 68.6567, 337, 7
../Data/New_Pillar_Bottom_Images/New_Pillar_Bottom_Images_Video.avi,15, 91, 89, 97.8022, 366, 7
../Data/New_Pillar_Bottom_Images/New_Pillar_Bottom_Images_Video.avi,16, 62, 62, 100, 338, 7
../Data/New_Pillar_Bottom_Images/New_Pillar_Bottom_Images_Video.avi,17, 35, 33, 94.2857, 320, 7
../Data/New_Pillar_Bottom_Images/New_Pillar_Bottom_Images_Video.avi,18, 18, 10, 55.5556, 327, 7
../Data/New_Pillar_Bottom_Images/New_Pillar_Bottom_Images_Video.avi,19, 246, 211, 85.7724, 318, 7
../Data/New_Pillar_Bottom_Images/New_Pillar_Bottom_Images_Video.avi,20, 321, 312, 97.1963, 336, 7
../Data/New_Pillar_Bottom_Images/New_Pillar_Bottom_Images_Video.avi,21, 875, 846, 96.6857, 351, 7
../Data/New_Pillar_Bottom_Images/New_Pillar_Bottom_Images_Video.avi,22, 1304, 1303, 99.9233, 360, 7
../Data/New_Pillar_Bottom_Images/New_Pillar_Bottom_Images_Video.avi,23, 3140, 3045, 96.9745, 361, 7
../Data/New_Pillar_Bottom_Images/New_Pillar_Bottom_Images_Video.avi,24, 1935, 1768, 91.3695, 355, 7
../Data/New_Pillar_Bottom_Images/New_Pillar_Bottom_Images_Video.avi,25, 1682, 1624, 96.5517, 368, 7
../Data/New_Pillar_Bottom_Images/New_Pillar_Bottom_Images_Video.avi,26, 3170, 3095, 97.6341, 359, 7
../Data/New_Pillar_Bottom_Images/New_Pillar_Bottom_Images_Video.avi,27, 1923, 1752, 91.1076, 355, 7
../Data/New_Pillar_Bottom_Images/New_Pillar_Bottom_Images_Video.avi,28, 908, 881, 97.0264, 356, 7
../Data/New_Pillar_Bottom_Images/New_Pillar_Bottom_Images_Video.avi,29, 1925, 1909, 99.1688, 370, 7
../Data/New_Pillar_Bottom_Images/New_Pillar_Bottom_Images_Video.avi,30, 1167, 1138, 97.515, 333, 7
../Data/New_Pillar_Bottom_Images/New_Pillar_Bottom_Images_Video.avi,31, 1246, 1246, 100, 370, 7
../Data/New_Pillar_Bottom_Images/New_Pillar_Bottom_Images_Video.avi,32, 430, 372, 86.5116, 351, 7
../Data/New_Pillar_Bottom_Images/New_Pillar_Bottom_Images_Video.avi,33, 383, 354, 92.4282, 359, 7
../Data/New_Pillar_Bottom_Images/New_Pillar_Bottom_Images_Video.avi,34, 793, 778, 98.1084, 308, 7
../Data/New_Pillar_Bottom_Images/New_Pillar_Bottom_Images_Video.avi,35, 434, 403, 92.8571, 356, 7
../Data/New_Pillar_Bottom_Images/New_Pillar_Bottom_Images_Video.avi,36, 800, 733, 91.625, 370, 7
../Data/New_Pillar_Bottom_Images/New_Pillar_Bottom_Images_Video.avi,37, 704, 649, 92.1875, 317, 7
../Data/New_Pillar_Bottom_Images/New_Pillar_Bottom_Images_Video.avi,38, 730, 725, 99.3151, 316, 7
../Data/New_Pillar_Bottom_Images/New_Pillar_Bottom_Images_Video.avi,39, 241, 234, 97.0954, 365, 7
../Data/New_Pillar_Bottom_Images/New_Pillar_Bottom_Images_Video.avi,40, 127, 93, 73.2283, 350, 7
../Data/New_Pillar_Bottom_Images/New_Pillar_Bottom_Images_Video.avi,41, 68, 48, 70.5882, 352, 7
../Data/New_Pillar_Bottom_Images/New_Pillar_Bottom_Images_Video.avi,42, 114, 109, 95.614, 322, 7
../Data/New_Pillar_Bottom_Images/New_Pillar_Bottom_Images_Video.avi,43, 109, 51, 46.789, 357, 7
../Data/New_Pillar_Bottom_Images/New_Pillar_Bottom_Images_Video.avi,44, 2315, 1389, 60, 364, 7
../Data/New_Pillar_Bottom_Images/New_Pillar_Bottom_Images_Video.avi,45, 1643, 881, 53.6214, 359, 7
../Data/New_Pillar_Bottom_Images/New_Pillar_Bottom_Images_Video.avi,46, 1068, 572, 53.5581, 356, 7
../Data/New_Pillar_Bottom_Images/New_Pillar_Bottom_Images_Video.avi,47, 695, 398, 57.2662, 342, 7
../Data/New_Pillar_Bottom_Images/New_Pillar_Bottom_Images_Video.avi,48, 517, 384, 74.2747, 360, 7
../Data/New_Pillar_Bottom_Images/New_Pillar_Bottom_Images_Video.avi,49, 414, 337, 81.401, 368, 7
../Data/New_Pillar_Bottom_Images/New_Pillar_Bottom_Images_Video.avi,0, 3, 0, 0, 357, 8
../Data/New_Pillar_Bottom_Images/New_Pillar_Bottom_Images_Video.avi,1, 11, 5, 45.4545, 354, 8
../Data/New_Pillar_Bottom_Images/New_Pillar_Bottom_Images_Video.avi,2, 185, 184, 99.4595, 355, 8
../Data/New_Pillar_Bottom_Images/New_Pillar_Bottom_Images_Video.avi,3, 181, 175, 96.6851, 350, 8
../Data/New_Pillar_Bottom_Images/New_Pillar_Bottom_Images_Video.avi,4, 498, 497, 99.7992, 361, 8
../Data/New_Pillar_Bottom_Images/New_Pillar_Bottom_Images_Video.avi,5, 433, 432, 99.7691, 364, 8
../Data/New_Pillar_Bottom_Images/New_Pillar_Bottom_Images_Video.avi,6, 486, 484, 99.5885, 369, 8
../Data/New_Pillar_Bottom_Images/New_Pillar_Bottom_Images_Video.avi,7, 800, 729, 91.125, 354, 8
../Data/New_Pillar_Bottom_Images/New_Pillar_Bottom_Images_Video.avi,8, 1348, 1238, 91.8398, 370, 8
../Data/New_Pillar_Bottom_Images/New_Pillar_Bottom_Images_Video.avi,9, 499, 354, 70.9419, 367, 8
../Data/New_Pillar_Bottom_Images/New_Pillar_Bottom_Images_Video.avi,10, 779, 673, 86.3928, 360, 8
../Data/New_Pillar_Bottom_Images/New_Pillar_Bottom_Images_Video.avi,11, 1062, 964, 90.7721, 312, 8
../Data/New_Pillar_Bottom_Images/New_Pillar_Bottom_Images_Video.avi,12, 822, 573, 69.708, 368, 8
../Data/New_Pillar_Bottom_Images/New_Pillar_Bottom_Images_Video.avi,13, 359, 206, 57.3816, 344, 8
../Data/New_Pillar_Bottom_Images/New_Pillar_Bottom_Images_Video.avi,14, 335, 230, 68.6567, 316, 8
../Data/New_Pillar_Bottom_Images/New_Pillar_Bottom_Images_Video.avi,15, 91, 89, 97.8022, 347, 8
../Data/New_Pillar_Bottom_Images/New_Pillar_Bottom_Images_Video.avi,16, 62, 62, 100, 310, 8
../Data/New_Pillar_Bottom_Images/New_Pillar_Bottom_Images_Video.avi,17, 35, 33, 94.2857, 313, 8
../Data/New_Pillar_Bottom_Images/New_Pillar_Bottom_Images_Video.avi,18, 18, 10, 55.5556, 309, 8
../Data/New_Pillar_Bottom_Images/New_Pillar_Bottom_Images_Video.avi,19, 246, 211, 85.7724, 314, 8
../Data/New_Pillar_Bottom_Images/New_Pillar_Bottom_Images_Video.avi,20, 321, 312, 97.1963, 314, 8
../Data/New_Pillar_Bottom_Images/New_Pillar_Bottom_Images_Video.avi,21, 875, 846, 96.6857, 363, 8
../Data/New_Pillar_Bottom_Images/New_Pillar_Bottom_Images_Video.avi,22, 1304, 1303, 99.9233, 360, 8
../Data/New_Pillar_Bottom_Images/New_Pillar_Bottom_Images_Video.avi,23, 3140, 3045, 96.9745, 355, 8
../Data/New_Pillar_Bottom_Images/New_Pillar_Bottom_Images_Video.avi,24, 1935, 1768, 91.3695, 328, 8
../Data/New_Pillar_Bottom_Images/New_Pillar_Bottom_Images_Video.avi,25, 1682, 1624, 96.5517, 356, 8
../Data/New_Pillar_Bottom_Images/New_Pillar_Bottom_Images_Video.avi,26, 3170, 3095, 97.6341, 344, 8
../Data/New_Pillar_Bottom_Images/New_Pillar_Bottom_Images_Video.avi,27, 1923, 1752, 91.1076, 367, 8
../Data/New_Pillar_Bottom_Images/New_Pillar_Bottom_Images_Video.avi,28, 908, 881, 97.0264, 344, 8
../Data/New_Pillar_Bottom_Images/New_Pillar_Bottom_Images_Video.avi,29, 1925, 1909, 99.1688, 360, 8
../Data/New_Pillar_Bottom_Images/New_Pillar_Bottom_Images_Video.avi,30, 1167, 1138, 97.515, 361, 8
../Data/New_Pillar_Bottom_Images/New_Pillar_Bottom_Images_Video.avi,31, 1246, 1246, 100, 351, 8
../Data/New_Pillar_Bottom_Images/New_Pillar_Bottom_Images_Video.avi,32, 430, 372, 86.5116, 361, 8
../Data/New_Pillar_Bottom_Images/New_Pillar_Bottom_Images_Video.avi,33, 383, 354, 92.4282, 363, 8
../Data/New_Pillar_Bottom_Images/New_Pillar_Bottom_Images_Video.avi,34, 793, 778, 98.1084, 362, 8
../Data/New_Pillar_Bottom_Images/New_Pillar_Bottom_Images_Video.avi,35, 434, 403, 92.8571, 357, 8
../Data/New_Pillar_Bottom_Images/New_Pillar_Bottom_Images_Video.avi,36, 800, 733, 91.625, 358, 8
../Data/New_Pillar_Bottom_Images/New_Pillar_Bottom_Images_Video.avi,37, 704, 649, 92.1875, 353, 8
../Data/New_Pillar_Bottom_Images/New_Pillar_Bottom_Images_Video.avi,38, 730, 725, 99.3151, 355, 8
../Data/New_Pillar_Bottom_Images/New_Pillar_Bottom_Images_Video.avi,39, 241, 234, 97.0954, 361, 8
../Data/New_Pillar_Bottom_Images/New_Pillar_Bottom_Images_Video.avi,40, 127, 93, 73.2283, 365, 8
../Data/New_Pillar_Bottom_Images/New_Pillar_Bottom_Images_Video.avi,41, 68, 48, 70.5882, 351, 8
../Data/New_Pillar_Bottom_Images/New_Pillar_Bottom_Images_Video.avi,42, 114, 109, 95.614, 371, 8
../Data/New_Pillar_Bottom_Images/New_Pillar_Bottom_Images_Video.avi,43, 109, 51, 46.789, 352, 8
../Data/New_Pillar_Bottom_Images/New_Pillar_Bottom_Images_Video.avi,44, 2315, 1389, 60, 360, 8
../Data/New_Pillar_Bottom_Images/New_Pillar_Bottom_Images_Video.avi,45, 1643, 881, 53.6214, 327, 8
../Data/New_Pillar_Bottom_Images/New_Pillar_Bottom_Images_Video.avi,46, 1068, 572, 53.5581, 360, 8
../Data/New_Pillar_Bottom_Images/New_Pillar_Bottom_Images_Video.avi,47, 695, 398, 57.2662, 355, 8
../Data/New_Pillar_Bottom_Images/New_Pillar_Bottom_Images_Video.avi,48, 517, 384, 74.2747, 346, 8
../Data/New_Pillar_Bottom_Images/New_Pillar_Bottom_Images_Video.avi,49, 414, 337, 81.401, 361, 8
../Data/New_Pillar_Bottom_Images/New_Pillar_Bottom_Images_Video.avi,0, 3, 0, 0, 354, 9
../Data/New_Pillar_Bottom_Images/New_Pillar_Bottom_Images_Video.avi,1, 11, 5, 45.4545, 357, 9
../Data/New_Pillar_Bottom_Images/New_Pillar_Bottom_Images_Video.avi,2, 185, 184, 99.4595, 363, 9
../Data/New_Pillar_Bottom_Images/New_Pillar_Bottom_Images_Video.avi,3, 181, 175, 96.6851, 361, 9
../Data/New_Pillar_Bottom_Images/New_Pillar_Bottom_Images_Video.avi,4, 498, 497, 99.7992, 360, 9
../Data/New_Pillar_Bottom_Images/New_Pillar_Bottom_Images_Video.avi,5, 433, 432, 99.7691, 366, 9
../Data/New_Pillar_Bottom_Images/New_Pillar_Bottom_Images_Video.avi,6, 486, 484, 99.5885, 367, 9
../Data/New_Pillar_Bottom_Images/New_Pillar_Bottom_Images_Video.avi,7, 800, 729, 91.125, 369, 9
../Data/New_Pillar_Bottom_Images/New_Pillar_Bottom_Images_Video.avi,8, 1348, 1238, 91.8398, 361, 9
../Data/New_Pillar_Bottom_Images/New_Pillar_Bottom_Images_Video.avi,9, 499, 354, 70.9419, 368, 9
../Data/New_Pillar_Bottom_Images/New_Pillar_Bottom_Images_Video.avi,10, 779, 673, 86.3928, 359, 9
../Data/New_Pillar_Bottom_Images/New_Pillar_Bottom_Images_Video.avi,11, 1062, 964, 90.7721, 348, 9
../Data/New_Pillar_Bottom_Images/New_Pillar_Bottom_Images_Video.avi,12, 822, 573, 69.708, 368, 9
../Data/New_Pillar_Bottom_Images/New_Pillar_Bottom_Images_Video.avi,13, 359, 206, 57.3816, 363, 9
../Data/New_Pillar_Bottom_Images/New_Pillar_Bottom_Images_Video.avi,14, 335, 230, 68.6567, 358, 9
../Data/New_Pillar_Bottom_Images/New_Pillar_Bottom_Images_Video.avi,15, 91, 89, 97.8022, 316, 9
../Data/New_Pillar_Bottom_Images/New_Pillar_Bottom_Images_Video.avi,16, 62, 62, 100, 312, 9
../Data/New_Pillar_Bottom_Images/New_Pillar_Bottom_Images_Video.avi,17, 35, 33, 94.2857, 314, 9
../Data/New_Pillar_Bottom_Images/New_Pillar_Bottom_Images_Video.avi,18, 18, 10, 55.5556, 327, 9
../Data/New_Pillar_Bottom_Images/New_Pillar_Bottom_Images_Video.avi,19, 246, 211, 85.7724, 371, 9
../Data/New_Pillar_Bottom_Images/New_Pillar_Bottom_Images_Video.avi,20, 321, 312, 97.1963, 347, 9
../Data/New_Pillar_Bottom_Images/New_Pillar_Bottom_Images_Video.avi,21, 875, 846, 96.6857, 356, 9
../Data/New_Pillar_Bottom_Images/New_Pillar_Bottom_Images_Video.avi,22, 1304, 1303, 99.9233, 357, 9
../Data/New_Pillar_Bottom_Images/New_Pillar_Bottom_Images_Video.avi,23, 3140, 3045, 96.9745, 366, 9
../Data/New_Pillar_Bottom_Images/New_Pillar_Bottom_Images_Video.avi,24, 1935, 1768, 91.3695, 359, 9
../Data/New_Pillar_Bottom_Images/New_Pillar_Bottom_Images_Video.avi,25, 1682, 1624, 96.5517, 356, 9
../Data/New_Pillar_Bottom_Images/New_Pillar_Bottom_Images_Video.avi,26, 3170, 3095, 97.6341, 361, 9
../Data/New_Pillar_Bottom_Images/New_Pillar_Bottom_Images_Video.avi,27, 1923, 1752, 91.1076, 371, 9
../Data/New_Pillar_Bottom_Images/New_Pillar_Bottom_Images_Video.avi,28, 908, 881, 97.0264, 350, 9
../Data/New_Pillar_Bottom_Images/New_Pillar_Bottom_Images_Video.avi,29, 1925, 1909, 99.1688, 360, 9
../Data/New_Pillar_Bottom_Images/New_Pillar_Bottom_Images_Video.avi,30, 1167, 1138, 97.515, 358, 9
../Data/New_Pillar_Bottom_Images/New_Pillar_Bottom_Images_Video.avi,31, 1246, 1246, 100, 363, 9
../Data/New_Pillar_Bottom_Images/New_Pillar_Bottom_Images_Video.avi,32, 430, 372, 86.5116, 355, 9
../Data/New_Pillar_Bottom_Images/New_Pillar_Bottom_Images_Video.avi,33, 383, 354, 92.4282, 352, 9
../Data/New_Pillar_Bottom_Images/New_Pillar_Bottom_Images_Video.avi,34, 793, 778, 98.1084, 356, 9
../Data/New_Pillar_Bottom_Images/New_Pillar_Bottom_Images_Video.avi,35, 434, 403, 92.8571, 346, 9
../Data/New_Pillar_Bottom_Images/New_Pillar_Bottom_Images_Video.avi,36, 800, 733, 91.625, 367, 9
../Data/New_Pillar_Bottom_Images/New_Pillar_Bottom_Images_Video.avi,37, 704, 649, 92.1875, 359, 9
../Data/New_Pillar_Bottom_Images/New_Pillar_Bottom_Images_Video.avi,38, 730, 725, 99.3151, 364, 9
../Data/New_Pillar_Bottom_Images/New_Pillar_Bottom_Images_Video.avi,39, 241, 234, 97.0954, 352, 9
../Data/New_Pillar_Bottom_Images/New_Pillar_Bottom_Images_Video.avi,40, 127, 93, 73.2283, 361, 9
../Data/New_Pillar_Bottom_Images/New_Pillar_Bottom_Images_Video.avi,41, 68, 48, 70.5882, 362, 9
../Data/New_Pillar_Bottom_Images/New_Pillar_Bottom_Images_Video.avi,42, 114, 109, 95.614, 362, 9
../Data/New_Pillar_Bottom_Images/New_Pillar_Bottom_Images_Video.avi,43, 109, 51, 46.789, 363, 9
../Data/New_Pillar_Bottom_Images/New_Pillar_Bottom_Images_Video.avi,44, 2315, 1389, 60, 373, 9
../Data/New_Pillar_Bottom_Images/New_Pillar_Bottom_Images_Video.avi,45, 1643, 881, 53.6214, 359, 9
../Data/New_Pillar_Bottom_Images/New_Pillar_Bottom_Images_Video.avi,46, 1068, 572, 53.5581, 354, 9
../Data/New_Pillar_Bottom_Images/New_Pillar_Bottom_Images_Video.avi,47, 695, 398, 57.2662, 353, 9
../Data/New_Pillar_Bottom_Images/New_Pillar_Bottom_Images_Video.avi,48, 517, 384, 74.2747, 355, 9
../Data/New_Pillar_Bottom_Images/New_Pillar_Bottom_Images_Video.avi,49, 414, 337, 81.401, 357, 9
../Data/New_Pillar_Bottom_Images/New_Pillar_Bottom_Images_Video.avi,0, 3, 0, 0, 365, 10
../Data/New_Pillar_Bottom_Images/New_Pillar_Bottom_Images_Video.avi,1, 11, 5, 45.4545, 331, 10
../Data/New_Pillar_Bottom_Images/New_Pillar_Bottom_Images_Video.avi,2, 185, 184, 99.4595, 370, 10
../Data/New_Pillar_Bottom_Images/New_Pillar_Bottom_Images_Video.avi,3, 181, 175, 96.6851, 345, 10
../Data/New_Pillar_Bottom_Images/New_Pillar_Bottom_Images_Video.avi,4, 498, 497, 99.7992, 319, 10
../Data/New_Pillar_Bottom_Images/New_Pillar_Bottom_Images_Video.avi,5, 433, 432, 99.7691, 373, 10
../Data/New_Pillar_Bottom_Images/New_Pillar_Bottom_Images_Video.avi,6, 486, 484, 99.5885, 363, 10
../Data/New_Pillar_Bottom_Images/New_Pillar_Bottom_Images_Video.avi,7, 800, 729, 91.125, 357, 10
../Data/New_Pillar_Bottom_Images/New_Pillar_Bottom_Images_Video.avi,8, 1348, 1238, 91.8398, 352, 10
../Data/New_Pillar_Bottom_Images/New_Pillar_Bottom_Images_Video.avi,9, 499, 354, 70.9419, 338, 10
../Data/New_Pillar_Bottom_Images/New_Pillar_Bottom_Images_Video.avi,10, 779, 673, 86.3928, 368, 10
../Data/New_Pillar_Bottom_Images/New_Pillar_Bottom_Images_Video.avi,11, 1062, 964, 90.7721, 350, 10
../Data/New_Pillar_Bottom_Images/New_Pillar_Bottom_Images_Video.avi,12, 822, 573, 69.708, 371, 10
../Data/New_Pillar_Bottom_Images/New_Pillar_Bottom_Images_Video.avi,13, 359, 206, 57.3816, 347, 10
../Data/New_Pillar_Bottom_Images/New_Pillar_Bottom_Images_Video.avi,14, 335, 230, 68.6567, 323, 10
../Data/New_Pillar_Bottom_Images/New_Pillar_Bottom_Images_Video.avi,15, 91, 89, 97.8022, 348, 10
../Data/New_Pillar_Bottom_Images/New_Pillar_Bottom_Images_Video.avi,16, 62, 62, 100, 327, 10
../Data/New_Pillar_Bottom_Images/New_Pillar_Bottom_Images_Video.avi,17, 35, 33, 94.2857, 355, 10
../Data/New_Pillar_Bottom_Images/New_Pillar_Bottom_Images_Video.avi,18, 18, 10, 55.5556, 350, 10
../Data/New_Pillar_Bottom_Images/New_Pillar_Bottom_Images_Video.avi,19, 246, 211, 85.7724, 355, 10
../Data/New_Pillar_Bottom_Images/New_Pillar_Bottom_Images_Video.avi,20, 321, 312, 97.1963, 355, 10
../Data/New_Pillar_Bottom_Images/New_Pillar_Bottom_Images_Video.avi,21, 875, 846, 96.6857, 359, 10
../Data/New_Pillar_Bottom_Images/New_Pillar_Bottom_Images_Video.avi,22, 1304, 1303, 99.9233, 364, 10
../Data/New_Pillar_Bottom_Images/New_Pillar_Bottom_Images_Video.avi,23, 3140, 3045, 96.9745, 368, 10
../Data/New_Pillar_Bottom_Images/New_Pillar_Bottom_Images_Video.avi,24, 1935, 1768, 91.3695, 365, 10
../Data/New_Pillar_Bottom_Images/New_Pillar_Bottom_Images_Video.avi,25, 1682, 1624, 96.5517, 348, 10
../Data/New_Pillar_Bottom_Images/New_Pillar_Bottom_Images_Video.avi,26, 3170, 3095, 97.6341, 334, 10
../Data/New_Pillar_Bottom_Images/New_Pillar_Bottom_Images_Video.avi,27, 1923, 1752, 91.1076, 359, 10
../Data/New_Pillar_Bottom_Images/New_Pillar_Bottom_Images_Video.avi,28, 908, 881, 97.0264, 358, 10
../Data/New_Pillar_Bottom_Images/New_Pillar_Bottom_Images_Video.avi,29, 1925, 1909, 99.1688, 354, 10
../Data/New_Pillar_Bottom_Images/New_Pillar_Bottom_Images_Video.avi,30, 1167, 1138, 97.515, 351, 10
../Data/New_Pillar_Bottom_Images/New_Pillar_Bottom_Images_Video.avi,31, 1246, 1246, 100, 333, 10
../Data/New_Pillar_Bottom_Images/New_Pillar_Bottom_Images_Video.avi,32, 430, 372, 86.5116, 358, 10
../Data/New_Pillar_Bottom_Images/New_Pillar_Bottom_Images_Video.avi,33, 383, 354, 92.4282, 355, 10
../Data/New_Pillar_Bottom_Images/New_Pillar_Bottom_Images_Video.avi,34, 793, 778, 98.1084, 339, 10
../Data/New_Pillar_Bottom_Images/New_Pillar_Bottom_Images_Video.avi,35, 434, 403, 92.8571, 328, 10
../Data/New_Pillar_Bottom_Images/New_Pillar_Bottom_Images_Video.avi,36, 800, 733, 91.625, 353, 10
../Data/New_Pillar_Bottom_Images/New_Pillar_Bottom_Images_Video.avi,37, 704, 649, 92.1875, 349, 10
../Data/New_Pillar_Bottom_Images/New_Pillar_Bottom_Images_Video.avi,38, 730, 725, 99.3151, 350, 10
../Data/New_Pillar_Bottom_Images/New_Pillar_Bottom_Images_Video.avi,39, 241, 234, 97.0954, 365, 10
../Data/New_Pillar_Bottom_Images/New_Pillar_Bottom_Images_Video.avi,40, 127, 93, 73.2283, 365, 10
../Data/New_Pillar_Bottom_Images/New_Pillar_Bottom_Images_Video.avi,41, 68, 48, 70.5882, 361, 10
../Data/New_Pillar_Bottom_Images/New_Pillar_Bottom_Images_Video.avi,42, 114, 109, 95.614, 318, 10
../Data/New_Pillar_Bottom_Images/New_Pillar_Bottom_Images_Video.avi,43, 109, 51, 46.789, 370, 10
../Data/New_Pillar_Bottom_Images/New_Pillar_Bottom_Images_Video.avi,44, 2315, 1389, 60, 350, 10
../Data/New_Pillar_Bottom_Images/New_Pillar_Bottom_Images_Video.avi,45, 1643, 881, 53.6214, 371, 10
../Data/New_Pillar_Bottom_Images/New_Pillar_Bottom_Images_Video.avi,46, 1068, 572, 53.5581, 359, 10
../Data/New_Pillar_Bottom_Images/New_Pillar_Bottom_Images_Video.avi,47, 695, 398, 57.2662, 356, 10
../Data/New_Pillar_Bottom_Images/New_Pillar_Bottom_Images_Video.avi,48, 517, 384, 74.2747, 364, 10
../Data/New_Pillar_Bottom_Images/New_Pillar_Bottom_Images_Video.avi,49, 414, 337, 81.401, 336, 10
