Video, Frame ID, Features Found, Features in pillars, percentage match, time taken to find features (ms), number_octave_layers
../Data/Wall_Indents_Top_Images/Wall_Indents_Top_Images_Video.avi,0, 215, 214, 99.5349, 131, 1
../Data/Wall_Indents_Top_Images/Wall_Indents_Top_Images_Video.avi,1, 570, 565, 99.1228, 111, 1
../Data/Wall_Indents_Top_Images/Wall_Indents_Top_Images_Video.avi,2, 508, 455, 89.5669, 112, 1
../Data/Wall_Indents_Top_Images/Wall_Indents_Top_Images_Video.avi,3, 568, 548, 96.4789, 127, 1
../Data/Wall_Indents_Top_Images/Wall_Indents_Top_Images_Video.avi,4, 180, 170, 94.4444, 108, 1
../Data/Wall_Indents_Top_Images/Wall_Indents_Top_Images_Video.avi,5, 181, 154, 85.0829, 125, 1
../Data/Wall_Indents_Top_Images/Wall_Indents_Top_Images_Video.avi,6, 1396, 1392, 99.7135, 111, 1
../Data/Wall_Indents_Top_Images/Wall_Indents_Top_Images_Video.avi,7, 7733, 7690, 99.4439, 141, 1
../Data/Wall_Indents_Top_Images/Wall_Indents_Top_Images_Video.avi,8, 5702, 5615, 98.4742, 129, 1
../Data/Wall_Indents_Top_Images/Wall_Indents_Top_Images_Video.avi,9, 1457, 1436, 98.5587, 128, 1
../Data/Wall_Indents_Top_Images/Wall_Indents_Top_Images_Video.avi,10, 2820, 2813, 99.7518, 120, 1
../Data/Wall_Indents_Top_Images/Wall_Indents_Top_Images_Video.avi,11, 5493, 5342, 97.251, 120, 1
../Data/Wall_Indents_Top_Images/Wall_Indents_Top_Images_Video.avi,12, 3419, 3341, 97.7186, 133, 1
../Data/Wall_Indents_Top_Images/Wall_Indents_Top_Images_Video.avi,13, 573, 554, 96.6841, 125, 1
../Data/Wall_Indents_Top_Images/Wall_Indents_Top_Images_Video.avi,14, 647, 535, 82.6893, 119, 1
../Data/Wall_Indents_Top_Images/Wall_Indents_Top_Images_Video.avi,15, 588, 537, 91.3265, 112, 1
../Data/Wall_Indents_Top_Images/Wall_Indents_Top_Images_Video.avi,16, 1371, 1285, 93.7272, 117, 1
../Data/Wall_Indents_Top_Images/Wall_Indents_Top_Images_Video.avi,17, 6294, 6262, 99.4916, 138, 1
../Data/Wall_Indents_Top_Images/Wall_Indents_Top_Images_Video.avi,18, 1639, 1416, 86.3941, 125, 1
../Data/Wall_Indents_Top_Images/Wall_Indents_Top_Images_Video.avi,19, 820, 656, 80, 121, 1
../Data/Wall_Indents_Top_Images/Wall_Indents_Top_Images_Video.avi,20, 5877, 5818, 98.9961, 132, 1
../Data/Wall_Indents_Top_Images/Wall_Indents_Top_Images_Video.avi,21, 1293, 1157, 89.4818, 123, 1
../Data/Wall_Indents_Top_Images/Wall_Indents_Top_Images_Video.avi,22, 547, 530, 96.8921, 121, 1
../Data/Wall_Indents_Top_Images/Wall_Indents_Top_Images_Video.avi,23, 263, 248, 94.2966, 123, 1
../Data/Wall_Indents_Top_Images/Wall_Indents_Top_Images_Video.avi,24, 3124, 3004, 96.1588, 127, 1
../Data/Wall_Indents_Top_Images/Wall_Indents_Top_Images_Video.avi,25, 1107, 1101, 99.458, 121, 1
../Data/Wall_Indents_Top_Images/Wall_Indents_Top_Images_Video.avi,26, 131, 113, 86.2595, 121, 1
../Data/Wall_Indents_Top_Images/Wall_Indents_Top_Images_Video.avi,27, 202, 184, 91.0891, 111, 1
../Data/Wall_Indents_Top_Images/Wall_Indents_Top_Images_Video.avi,28, 1261, 1247, 98.8898, 110, 1
../Data/Wall_Indents_Top_Images/Wall_Indents_Top_Images_Video.avi,29, 144, 112, 77.7778, 122, 1
../Data/Wall_Indents_Top_Images/Wall_Indents_Top_Images_Video.avi,30, 517, 475, 91.8762, 123, 1
../Data/Wall_Indents_Top_Images/Wall_Indents_Top_Images_Video.avi,31, 316, 271, 85.7595, 108, 1
../Data/Wall_Indents_Top_Images/Wall_Indents_Top_Images_Video.avi,32, 466, 413, 88.6266, 122, 1
../Data/Wall_Indents_Top_Images/Wall_Indents_Top_Images_Video.avi,33, 1587, 1559, 98.2357, 113, 1
../Data/Wall_Indents_Top_Images/Wall_Indents_Top_Images_Video.avi,34, 255, 145, 56.8627, 120, 1
../Data/Wall_Indents_Top_Images/Wall_Indents_Top_Images_Video.avi,35, 257, 224, 87.1595, 111, 1
../Data/Wall_Indents_Top_Images/Wall_Indents_Top_Images_Video.avi,36, 491, 254, 51.7312, 122, 1
../Data/Wall_Indents_Top_Images/Wall_Indents_Top_Images_Video.avi,37, 344, 244, 70.9302, 108, 1
../Data/Wall_Indents_Top_Images/Wall_Indents_Top_Images_Video.avi,38, 255, 95, 37.2549, 111, 1
../Data/Wall_Indents_Top_Images/Wall_Indents_Top_Images_Video.avi,39, 85, 59, 69.4118, 110, 1
../Data/Wall_Indents_Top_Images/Wall_Indents_Top_Images_Video.avi,40, 447, 392, 87.6957, 120, 1
../Data/Wall_Indents_Top_Images/Wall_Indents_Top_Images_Video.avi,41, 180, 0, 0, 121, 1
../Data/Wall_Indents_Top_Images/Wall_Indents_Top_Images_Video.avi,42, 1084, 1051, 96.9557, 114, 1
../Data/Wall_Indents_Top_Images/Wall_Indents_Top_Images_Video.avi,43, 396, 221, 55.8081, 120, 1
../Data/Wall_Indents_Top_Images/Wall_Indents_Top_Images_Video.avi,44, 595, 481, 80.8403, 122, 1
../Data/Wall_Indents_Top_Images/Wall_Indents_Top_Images_Video.avi,45, 607, 572, 94.2339, 122, 1
../Data/Wall_Indents_Top_Images/Wall_Indents_Top_Images_Video.avi,46, 226, 156, 69.0265, 108, 1
../Data/Wall_Indents_Top_Images/Wall_Indents_Top_Images_Video.avi,47, 1024, 907, 88.5742, 122, 1
../Data/Wall_Indents_Top_Images/Wall_Indents_Top_Images_Video.avi,48, 1117, 1095, 98.0304, 112, 1
../Data/Wall_Indents_Top_Images/Wall_Indents_Top_Images_Video.avi,49, 649, 61, 9.39908, 120, 1
../Data/Wall_Indents_Top_Images/Wall_Indents_Top_Images_Video.avi,0, 306, 305, 99.6732, 190, 2
../Data/Wall_Indents_Top_Images/Wall_Indents_Top_Images_Video.avi,1, 754, 747, 99.0716, 187, 2
../Data/Wall_Indents_Top_Images/Wall_Indents_Top_Images_Video.avi,2, 639, 571, 89.3584, 197, 2
../Data/Wall_Indents_Top_Images/Wall_Indents_Top_Images_Video.avi,3, 741, 714, 96.3563, 194, 2
../Data/Wall_Indents_Top_Images/Wall_Indents_Top_Images_Video.avi,4, 277, 263, 94.9458, 175, 2
../Data/Wall_Indents_Top_Images/Wall_Indents_Top_Images_Video.avi,5, 259, 225, 86.8726, 195, 2
../Data/Wall_Indents_Top_Images/Wall_Indents_Top_Images_Video.avi,6, 1748, 1741, 99.5995, 186, 2
../Data/Wall_Indents_Top_Images/Wall_Indents_Top_Images_Video.avi,7, 8382, 8333, 99.4154, 199, 2
../Data/Wall_Indents_Top_Images/Wall_Indents_Top_Images_Video.avi,8, 6282, 6186, 98.4718, 210, 2
../Data/Wall_Indents_Top_Images/Wall_Indents_Top_Images_Video.avi,9, 1788, 1761, 98.4899, 188, 2
../Data/Wall_Indents_Top_Images/Wall_Indents_Top_Images_Video.avi,10, 3235, 3225, 99.6909, 199, 2
../Data/Wall_Indents_Top_Images/Wall_Indents_Top_Images_Video.avi,11, 6260, 6082, 97.1565, 187, 2
../Data/Wall_Indents_Top_Images/Wall_Indents_Top_Images_Video.avi,12, 3984, 3886, 97.5402, 195, 2
../Data/Wall_Indents_Top_Images/Wall_Indents_Top_Images_Video.avi,13, 781, 757, 96.927, 183, 2
../Data/Wall_Indents_Top_Images/Wall_Indents_Top_Images_Video.avi,14, 880, 723, 82.1591, 166, 2
../Data/Wall_Indents_Top_Images/Wall_Indents_Top_Images_Video.avi,15, 823, 753, 91.4945, 168, 2
../Data/Wall_Indents_Top_Images/Wall_Indents_Top_Images_Video.avi,16, 1718, 1593, 92.7241, 184, 2
../Data/Wall_Indents_Top_Images/Wall_Indents_Top_Images_Video.avi,17, 7072, 7029, 99.392, 185, 2
../Data/Wall_Indents_Top_Images/Wall_Indents_Top_Images_Video.avi,18, 2067, 1764, 85.3411, 193, 2
../Data/Wall_Indents_Top_Images/Wall_Indents_Top_Images_Video.avi,19, 1094, 869, 79.4333, 200, 2
../Data/Wall_Indents_Top_Images/Wall_Indents_Top_Images_Video.avi,20, 6707, 6634, 98.9116, 200, 2
../Data/Wall_Indents_Top_Images/Wall_Indents_Top_Images_Video.avi,21, 1661, 1488, 89.5846, 187, 2
../Data/Wall_Indents_Top_Images/Wall_Indents_Top_Images_Video.avi,22, 743, 714, 96.0969, 184, 2
../Data/Wall_Indents_Top_Images/Wall_Indents_Top_Images_Video.avi,23, 369, 351, 95.122, 170, 2
../Data/Wall_Indents_Top_Images/Wall_Indents_Top_Images_Video.avi,24, 3713, 3549, 95.5831, 188, 2
../Data/Wall_Indents_Top_Images/Wall_Indents_Top_Images_Video.avi,25, 1375, 1367, 99.4182, 176, 2
../Data/Wall_Indents_Top_Images/Wall_Indents_Top_Images_Video.avi,26, 198, 168, 84.8485, 184, 2
../Data/Wall_Indents_Top_Images/Wall_Indents_Top_Images_Video.avi,27, 315, 279, 88.5714, 185, 2
../Data/Wall_Indents_Top_Images/Wall_Indents_Top_Images_Video.avi,28, 1657, 1640, 98.974, 175, 2
../Data/Wall_Indents_Top_Images/Wall_Indents_Top_Images_Video.avi,29, 224, 171, 76.3393, 186, 2
../Data/Wall_Indents_Top_Images/Wall_Indents_Top_Images_Video.avi,30, 713, 651, 91.3043, 184, 2
../Data/Wall_Indents_Top_Images/Wall_Indents_Top_Images_Video.avi,31, 458, 394, 86.0262, 183, 2
../Data/Wall_Indents_Top_Images/Wall_Indents_Top_Images_Video.avi,32, 673, 596, 88.5587, 172, 2
../Data/Wall_Indents_Top_Images/Wall_Indents_Top_Images_Video.avi,33, 2039, 1998, 97.9892, 193, 2
../Data/Wall_Indents_Top_Images/Wall_Indents_Top_Images_Video.avi,34, 381, 207, 54.3307, 179, 2
../Data/Wall_Indents_Top_Images/Wall_Indents_Top_Images_Video.avi,35, 392, 344, 87.7551, 167, 2
../Data/Wall_Indents_Top_Images/Wall_Indents_Top_Images_Video.avi,36, 675, 374, 55.4074, 189, 2
../Data/Wall_Indents_Top_Images/Wall_Indents_Top_Images_Video.avi,37, 508, 363, 71.4567, 197, 2
../Data/Wall_Indents_Top_Images/Wall_Indents_Top_Images_Video.avi,38, 350, 147, 42, 187, 2
../Data/Wall_Indents_Top_Images/Wall_Indents_Top_Images_Video.avi,39, 129, 94, 72.8682, 166, 2
../Data/Wall_Indents_Top_Images/Wall_Indents_Top_Images_Video.avi,40, 646, 568, 87.9257, 194, 2
../Data/Wall_Indents_Top_Images/Wall_Indents_Top_Images_Video.avi,41, 240, 0, 0, 192, 2
../Data/Wall_Indents_Top_Images/Wall_Indents_Top_Images_Video.avi,42, 1489, 1444, 96.9778, 188, 2
../Data/Wall_Indents_Top_Images/Wall_Indents_Top_Images_Video.avi,43, 549, 324, 59.0164, 182, 2
../Data/Wall_Indents_Top_Images/Wall_Indents_Top_Images_Video.avi,44, 793, 647, 81.5889, 169, 2
../Data/Wall_Indents_Top_Images/Wall_Indents_Top_Images_Video.avi,45, 848, 804, 94.8113, 185, 2
../Data/Wall_Indents_Top_Images/Wall_Indents_Top_Images_Video.avi,46, 297, 210, 70.7071, 180, 2
../Data/Wall_Indents_Top_Images/Wall_Indents_Top_Images_Video.avi,47, 1325, 1166, 88, 182, 2
../Data/Wall_Indents_Top_Images/Wall_Indents_Top_Images_Video.avi,48, 1525, 1493, 97.9016, 184, 2
../Data/Wall_Indents_Top_Images/Wall_Indents_Top_Images_Video.avi,49, 874, 80, 9.15332, 159, 2
../Data/Wall_Indents_Top_Images/Wall_Indents_Top_Images_Video.avi,0, 484, 482, 99.5868, 264, 3
../Data/Wall_Indents_Top_Images/Wall_Indents_Top_Images_Video.avi,1, 1259, 1250, 99.2851, 256, 3
../Data/Wall_Indents_Top_Images/Wall_Indents_Top_Images_Video.avi,2, 1050, 962, 91.619, 260, 3
../Data/Wall_Indents_Top_Images/Wall_Indents_Top_Images_Video.avi,3, 1132, 1097, 96.9081, 263, 3
../Data/Wall_Indents_Top_Images/Wall_Indents_Top_Images_Video.avi,4, 445, 425, 95.5056, 264, 3
../Data/Wall_Indents_Top_Images/Wall_Indents_Top_Images_Video.avi,5, 418, 359, 85.8852, 252, 3
../Data/Wall_Indents_Top_Images/Wall_Indents_Top_Images_Video.avi,6, 2355, 2347, 99.6603, 271, 3
../Data/Wall_Indents_Top_Images/Wall_Indents_Top_Images_Video.avi,7, 9670, 9600, 99.2761, 289, 3
../Data/Wall_Indents_Top_Images/Wall_Indents_Top_Images_Video.avi,8, 7395, 7278, 98.4178, 270, 3
../Data/Wall_Indents_Top_Images/Wall_Indents_Top_Images_Video.avi,9, 2245, 2212, 98.5301, 263, 3
../Data/Wall_Indents_Top_Images/Wall_Indents_Top_Images_Video.avi,10, 3845, 3828, 99.5579, 262, 3
../Data/Wall_Indents_Top_Images/Wall_Indents_Top_Images_Video.avi,11, 7447, 7236, 97.1666, 267, 3
../Data/Wall_Indents_Top_Images/Wall_Indents_Top_Images_Video.avi,12, 5071, 4957, 97.7519, 268, 3
../Data/Wall_Indents_Top_Images/Wall_Indents_Top_Images_Video.avi,13, 1057, 1032, 97.6348, 263, 3
../Data/Wall_Indents_Top_Images/Wall_Indents_Top_Images_Video.avi,14, 1157, 967, 83.5782, 260, 3
../Data/Wall_Indents_Top_Images/Wall_Indents_Top_Images_Video.avi,15, 1101, 1004, 91.1898, 272, 3
../Data/Wall_Indents_Top_Images/Wall_Indents_Top_Images_Video.avi,16, 2162, 2011, 93.0157, 260, 3
../Data/Wall_Indents_Top_Images/Wall_Indents_Top_Images_Video.avi,17, 8364, 8304, 99.2826, 275, 3
../Data/Wall_Indents_Top_Images/Wall_Indents_Top_Images_Video.avi,18, 2725, 2355, 86.422, 262, 3
../Data/Wall_Indents_Top_Images/Wall_Indents_Top_Images_Video.avi,19, 1503, 1210, 80.5057, 259, 3
../Data/Wall_Indents_Top_Images/Wall_Indents_Top_Images_Video.avi,20, 7962, 7866, 98.7943, 274, 3
../Data/Wall_Indents_Top_Images/Wall_Indents_Top_Images_Video.avi,21, 2220, 2012, 90.6306, 258, 3
../Data/Wall_Indents_Top_Images/Wall_Indents_Top_Images_Video.avi,22, 1177, 1138, 96.6865, 265, 3
../Data/Wall_Indents_Top_Images/Wall_Indents_Top_Images_Video.avi,23, 651, 617, 94.7773, 256, 3
../Data/Wall_Indents_Top_Images/Wall_Indents_Top_Images_Video.avi,24, 4947, 4726, 95.5326, 264, 3
../Data/Wall_Indents_Top_Images/Wall_Indents_Top_Images_Video.avi,25, 2288, 2269, 99.1696, 262, 3
../Data/Wall_Indents_Top_Images/Wall_Indents_Top_Images_Video.avi,26, 318, 272, 85.5346, 263, 3
../Data/Wall_Indents_Top_Images/Wall_Indents_Top_Images_Video.avi,27, 509, 457, 89.7839, 265, 3
../Data/Wall_Indents_Top_Images/Wall_Indents_Top_Images_Video.avi,28, 2294, 2264, 98.6922, 251, 3
../Data/Wall_Indents_Top_Images/Wall_Indents_Top_Images_Video.avi,29, 304, 232, 76.3158, 253, 3
../Data/Wall_Indents_Top_Images/Wall_Indents_Top_Images_Video.avi,30, 992, 913, 92.0363, 253, 3
../Data/Wall_Indents_Top_Images/Wall_Indents_Top_Images_Video.avi,31, 650, 564, 86.7692, 252, 3
../Data/Wall_Indents_Top_Images/Wall_Indents_Top_Images_Video.avi,32, 904, 803, 88.8274, 261, 3
../Data/Wall_Indents_Top_Images/Wall_Indents_Top_Images_Video.avi,33, 2779, 2722, 97.9489, 263, 3
../Data/Wall_Indents_Top_Images/Wall_Indents_Top_Images_Video.avi,34, 544, 295, 54.2279, 262, 3
../Data/Wall_Indents_Top_Images/Wall_Indents_Top_Images_Video.avi,35, 587, 526, 89.6082, 256, 3
../Data/Wall_Indents_Top_Images/Wall_Indents_Top_Images_Video.avi,36, 925, 499, 53.9459, 257, 3
../Data/Wall_Indents_Top_Images/Wall_Indents_Top_Images_Video.avi,37, 747, 549, 73.494, 252, 3
../Data/Wall_Indents_Top_Images/Wall_Indents_Top_Images_Video.avi,38, 469, 209, 44.5629, 252, 3
../Data/Wall_Indents_Top_Images/Wall_Indents_Top_Images_Video.avi,39, 189, 138, 73.0159, 254, 3
../Data/Wall_Indents_Top_Images/Wall_Indents_Top_Images_Video.avi,40, 905, 799, 88.2873, 257, 3
../Data/Wall_Indents_Top_Images/Wall_Indents_Top_Images_Video.avi,41, 372, 0, 0, 259, 3
../Data/Wall_Indents_Top_Images/Wall_Indents_Top_Images_Video.avi,42, 2158, 2089, 96.8026, 255, 3
../Data/Wall_Indents_Top_Images/Wall_Indents_Top_Images_Video.avi,43, 778, 480, 61.6967, 255, 3
../Data/Wall_Indents_Top_Images/Wall_Indents_Top_Images_Video.avi,44, 1050, 863, 82.1905, 266, 3
../Data/Wall_Indents_Top_Images/Wall_Indents_Top_Images_Video.avi,45, 1221, 1166, 95.4955, 264, 3
../Data/Wall_Indents_Top_Images/Wall_Indents_Top_Images_Video.avi,46, 435, 308, 70.8046, 263, 3
../Data/Wall_Indents_Top_Images/Wall_Indents_Top_Images_Video.avi,47, 1788, 1588, 88.8143, 278, 3
../Data/Wall_Indents_Top_Images/Wall_Indents_Top_Images_Video.avi,48, 2086, 2046, 98.0825, 260, 3
../Data/Wall_Indents_Top_Images/Wall_Indents_Top_Images_Video.avi,49, 1122, 102, 9.09091, 269, 3
../Data/Wall_Indents_Top_Images/Wall_Indents_Top_Images_Video.avi,0, 680, 677, 99.5588, 332, 4
../Data/Wall_Indents_Top_Images/Wall_Indents_Top_Images_Video.avi,1, 1763, 1751, 99.3193, 329, 4
../Data/Wall_Indents_Top_Images/Wall_Indents_Top_Images_Video.avi,2, 1504, 1380, 91.7553, 328, 4
../Data/Wall_Indents_Top_Images/Wall_Indents_Top_Images_Video.avi,3, 1603, 1557, 97.1304, 325, 4
../Data/Wall_Indents_Top_Images/Wall_Indents_Top_Images_Video.avi,4, 627, 599, 95.5343, 323, 4
../Data/Wall_Indents_Top_Images/Wall_Indents_Top_Images_Video.avi,5, 589, 510, 86.5874, 328, 4
../Data/Wall_Indents_Top_Images/Wall_Indents_Top_Images_Video.avi,6, 3348, 3337, 99.6714, 324, 4
../Data/Wall_Indents_Top_Images/Wall_Indents_Top_Images_Video.avi,7, 13071, 12971, 99.2349, 348, 4
../Data/Wall_Indents_Top_Images/Wall_Indents_Top_Images_Video.avi,8, 10045, 9886, 98.4171, 343, 4
../Data/Wall_Indents_Top_Images/Wall_Indents_Top_Images_Video.avi,9, 3004, 2964, 98.6684, 324, 4
../Data/Wall_Indents_Top_Images/Wall_Indents_Top_Images_Video.avi,10, 5020, 5003, 99.6614, 333, 4
../Data/Wall_Indents_Top_Images/Wall_Indents_Top_Images_Video.avi,11, 10458, 10171, 97.2557, 349, 4
../Data/Wall_Indents_Top_Images/Wall_Indents_Top_Images_Video.avi,12, 7185, 7028, 97.8149, 345, 4
../Data/Wall_Indents_Top_Images/Wall_Indents_Top_Images_Video.avi,13, 1443, 1413, 97.921, 318, 4
../Data/Wall_Indents_Top_Images/Wall_Indents_Top_Images_Video.avi,14, 1554, 1295, 83.3333, 326, 4
../Data/Wall_Indents_Top_Images/Wall_Indents_Top_Images_Video.avi,15, 1485, 1361, 91.6498, 328, 4
../Data/Wall_Indents_Top_Images/Wall_Indents_Top_Images_Video.avi,16, 2937, 2722, 92.6796, 331, 4
../Data/Wall_Indents_Top_Images/Wall_Indents_Top_Images_Video.avi,17, 11482, 11403, 99.312, 340, 4
../Data/Wall_Indents_Top_Images/Wall_Indents_Top_Images_Video.avi,18, 3780, 3278, 86.7196, 331, 4
../Data/Wall_Indents_Top_Images/Wall_Indents_Top_Images_Video.avi,19, 2062, 1659, 80.4559, 323, 4
../Data/Wall_Indents_Top_Images/Wall_Indents_Top_Images_Video.avi,20, 11122, 10993, 98.8401, 337, 4
../Data/Wall_Indents_Top_Images/Wall_Indents_Top_Images_Video.avi,21, 3119, 2834, 90.8625, 325, 4
../Data/Wall_Indents_Top_Images/Wall_Indents_Top_Images_Video.avi,22, 1672, 1616, 96.6507, 326, 4
../Data/Wall_Indents_Top_Images/Wall_Indents_Top_Images_Video.avi,23, 897, 849, 94.6488, 325, 4
../Data/Wall_Indents_Top_Images/Wall_Indents_Top_Images_Video.avi,24, 7124, 6822, 95.7608, 344, 4
../Data/Wall_Indents_Top_Images/Wall_Indents_Top_Images_Video.avi,25, 3259, 3235, 99.2636, 327, 4
../Data/Wall_Indents_Top_Images/Wall_Indents_Top_Images_Video.avi,26, 447, 379, 84.7875, 327, 4
../Data/Wall_Indents_Top_Images/Wall_Indents_Top_Images_Video.avi,27, 695, 625, 89.9281, 331, 4
../Data/Wall_Indents_Top_Images/Wall_Indents_Top_Images_Video.avi,28, 3190, 3141, 98.4639, 313, 4
../Data/Wall_Indents_Top_Images/Wall_Indents_Top_Images_Video.avi,29, 416, 316, 75.9615, 330, 4
../Data/Wall_Indents_Top_Images/Wall_Indents_Top_Images_Video.avi,30, 1342, 1237, 92.1759, 319, 4
../Data/Wall_Indents_Top_Images/Wall_Indents_Top_Images_Video.avi,31, 905, 780, 86.1878, 330, 4
../Data/Wall_Indents_Top_Images/Wall_Indents_Top_Images_Video.avi,32, 1258, 1112, 88.3943, 322, 4
../Data/Wall_Indents_Top_Images/Wall_Indents_Top_Images_Video.avi,33, 3863, 3784, 97.955, 325, 4
../Data/Wall_Indents_Top_Images/Wall_Indents_Top_Images_Video.avi,34, 768, 416, 54.1667, 325, 4
../Data/Wall_Indents_Top_Images/Wall_Indents_Top_Images_Video.avi,35, 831, 736, 88.568, 324, 4
../Data/Wall_Indents_Top_Images/Wall_Indents_Top_Images_Video.avi,36, 1321, 710, 53.7472, 329, 4
../Data/Wall_Indents_Top_Images/Wall_Indents_Top_Images_Video.avi,37, 1077, 783, 72.7019, 319, 4
../Data/Wall_Indents_Top_Images/Wall_Indents_Top_Images_Video.avi,38, 642, 291, 45.3271, 324, 4
../Data/Wall_Indents_Top_Images/Wall_Indents_Top_Images_Video.avi,39, 260, 192, 73.8462, 324, 4
../Data/Wall_Indents_Top_Images/Wall_Indents_Top_Images_Video.avi,40, 1215, 1070, 88.0658, 324, 4
../Data/Wall_Indents_Top_Images/Wall_Indents_Top_Images_Video.avi,41, 508, 0, 0, 321, 4
../Data/Wall_Indents_Top_Images/Wall_Indents_Top_Images_Video.avi,42, 2969, 2878, 96.935, 326, 4
../Data/Wall_Indents_Top_Images/Wall_Indents_Top_Images_Video.avi,43, 1018, 621, 61.002, 324, 4
../Data/Wall_Indents_Top_Images/Wall_Indents_Top_Images_Video.avi,44, 1429, 1171, 81.9454, 328, 4
../Data/Wall_Indents_Top_Images/Wall_Indents_Top_Images_Video.avi,45, 1666, 1581, 94.898, 317, 4
../Data/Wall_Indents_Top_Images/Wall_Indents_Top_Images_Video.avi,46, 574, 400, 69.6864, 327, 4
../Data/Wall_Indents_Top_Images/Wall_Indents_Top_Images_Video.avi,47, 2352, 2092, 88.9456, 327, 4
../Data/Wall_Indents_Top_Images/Wall_Indents_Top_Images_Video.avi,48, 2941, 2884, 98.0619, 319, 4
../Data/Wall_Indents_Top_Images/Wall_Indents_Top_Images_Video.avi,49, 1566, 138, 8.81226, 312, 4
../Data/Wall_Indents_Top_Images/Wall_Indents_Top_Images_Video.avi,0, 697, 694, 99.5696, 387, 5
../Data/Wall_Indents_Top_Images/Wall_Indents_Top_Images_Video.avi,1, 1795, 1782, 99.2758, 387, 5
../Data/Wall_Indents_Top_Images/Wall_Indents_Top_Images_Video.avi,2, 1540, 1412, 91.6883, 391, 5
../Data/Wall_Indents_Top_Images/Wall_Indents_Top_Images_Video.avi,3, 1628, 1580, 97.0516, 387, 5
../Data/Wall_Indents_Top_Images/Wall_Indents_Top_Images_Video.avi,4, 635, 607, 95.5906, 385, 5
../Data/Wall_Indents_Top_Images/Wall_Indents_Top_Images_Video.avi,5, 599, 520, 86.8114, 390, 5
../Data/Wall_Indents_Top_Images/Wall_Indents_Top_Images_Video.avi,6, 3423, 3412, 99.6786, 381, 5
../Data/Wall_Indents_Top_Images/Wall_Indents_Top_Images_Video.avi,7, 13320, 13217, 99.2267, 409, 5
../Data/Wall_Indents_Top_Images/Wall_Indents_Top_Images_Video.avi,8, 10248, 10087, 98.429, 403, 5
../Data/Wall_Indents_Top_Images/Wall_Indents_Top_Images_Video.avi,9, 3090, 3050, 98.7055, 381, 5
../Data/Wall_Indents_Top_Images/Wall_Indents_Top_Images_Video.avi,10, 5136, 5118, 99.6495, 397, 5
../Data/Wall_Indents_Top_Images/Wall_Indents_Top_Images_Video.avi,11, 10713, 10408, 97.153, 398, 5
../Data/Wall_Indents_Top_Images/Wall_Indents_Top_Images_Video.avi,12, 7372, 7214, 97.8568, 400, 5
../Data/Wall_Indents_Top_Images/Wall_Indents_Top_Images_Video.avi,13, 1480, 1450, 97.973, 372, 5
../Data/Wall_Indents_Top_Images/Wall_Indents_Top_Images_Video.avi,14, 1589, 1325, 83.3858, 381, 5
../Data/Wall_Indents_Top_Images/Wall_Indents_Top_Images_Video.avi,15, 1519, 1394, 91.7709, 390, 5
../Data/Wall_Indents_Top_Images/Wall_Indents_Top_Images_Video.avi,16, 3006, 2787, 92.7146, 388, 5
../Data/Wall_Indents_Top_Images/Wall_Indents_Top_Images_Video.avi,17, 11830, 11748, 99.3068, 404, 5
../Data/Wall_Indents_Top_Images/Wall_Indents_Top_Images_Video.avi,18, 3889, 3359, 86.3718, 387, 5
../Data/Wall_Indents_Top_Images/Wall_Indents_Top_Images_Video.avi,19, 2128, 1709, 80.3102, 380, 5
../Data/Wall_Indents_Top_Images/Wall_Indents_Top_Images_Video.avi,20, 11395, 11257, 98.7889, 405, 5
../Data/Wall_Indents_Top_Images/Wall_Indents_Top_Images_Video.avi,21, 3181, 2892, 90.9148, 390, 5
../Data/Wall_Indents_Top_Images/Wall_Indents_Top_Images_Video.avi,22, 1711, 1654, 96.6686, 381, 5
../Data/Wall_Indents_Top_Images/Wall_Indents_Top_Images_Video.avi,23, 920, 871, 94.6739, 387, 5
../Data/Wall_Indents_Top_Images/Wall_Indents_Top_Images_Video.avi,24, 7281, 6967, 95.6874, 395, 5
../Data/Wall_Indents_Top_Images/Wall_Indents_Top_Images_Video.avi,25, 3345, 3318, 99.1928, 382, 5
../Data/Wall_Indents_Top_Images/Wall_Indents_Top_Images_Video.avi,26, 455, 386, 84.8352, 379, 5
../Data/Wall_Indents_Top_Images/Wall_Indents_Top_Images_Video.avi,27, 717, 643, 89.6792, 385, 5
../Data/Wall_Indents_Top_Images/Wall_Indents_Top_Images_Video.avi,28, 3283, 3233, 98.477, 381, 5
../Data/Wall_Indents_Top_Images/Wall_Indents_Top_Images_Video.avi,29, 427, 324, 75.8782, 393, 5
../Data/Wall_Indents_Top_Images/Wall_Indents_Top_Images_Video.avi,30, 1379, 1272, 92.2408, 388, 5
../Data/Wall_Indents_Top_Images/Wall_Indents_Top_Images_Video.avi,31, 924, 796, 86.1472, 386, 5
../Data/Wall_Indents_Top_Images/Wall_Indents_Top_Images_Video.avi,32, 1291, 1141, 88.3811, 386, 5
../Data/Wall_Indents_Top_Images/Wall_Indents_Top_Images_Video.avi,33, 4019, 3938, 97.9846, 386, 5
../Data/Wall_Indents_Top_Images/Wall_Indents_Top_Images_Video.avi,34, 793, 430, 54.2245, 386, 5
../Data/Wall_Indents_Top_Images/Wall_Indents_Top_Images_Video.avi,35, 861, 764, 88.734, 386, 5
../Data/Wall_Indents_Top_Images/Wall_Indents_Top_Images_Video.avi,36, 1354, 734, 54.2097, 368, 5
../Data/Wall_Indents_Top_Images/Wall_Indents_Top_Images_Video.avi,37, 1118, 816, 72.9875, 380, 5
../Data/Wall_Indents_Top_Images/Wall_Indents_Top_Images_Video.avi,38, 657, 296, 45.0533, 382, 5
../Data/Wall_Indents_Top_Images/Wall_Indents_Top_Images_Video.avi,39, 268, 198, 73.8806, 380, 5
../Data/Wall_Indents_Top_Images/Wall_Indents_Top_Images_Video.avi,40, 1274, 1122, 88.0691, 380, 5
../Data/Wall_Indents_Top_Images/Wall_Indents_Top_Images_Video.avi,41, 528, 0, 0, 384, 5
../Data/Wall_Indents_Top_Images/Wall_Indents_Top_Images_Video.avi,42, 3064, 2965, 96.7689, 380, 5
../Data/Wall_Indents_Top_Images/Wall_Indents_Top_Images_Video.avi,43, 1067, 655, 61.3871, 375, 5
../Data/Wall_Indents_Top_Images/Wall_Indents_Top_Images_Video.avi,44, 1482, 1214, 81.9163, 383, 5
../Data/Wall_Indents_Top_Images/Wall_Indents_Top_Images_Video.avi,45, 1728, 1642, 95.0231, 378, 5
../Data/Wall_Indents_Top_Images/Wall_Indents_Top_Images_Video.avi,46, 593, 415, 69.9831, 379, 5
../Data/Wall_Indents_Top_Images/Wall_Indents_Top_Images_Video.avi,47, 2443, 2166, 88.6615, 377, 5
../Data/Wall_Indents_Top_Images/Wall_Indents_Top_Images_Video.avi,48, 3027, 2968, 98.0509, 389, 5
../Data/Wall_Indents_Top_Images/Wall_Indents_Top_Images_Video.avi,49, 1603, 141, 8.79601, 383, 5
../Data/Wall_Indents_Top_Images/Wall_Indents_Top_Images_Video.avi,0, 691, 688, 99.5658, 440, 6
../Data/Wall_Indents_Top_Images/Wall_Indents_Top_Images_Video.avi,1, 1781, 1768, 99.2701, 446, 6
../Data/Wall_Indents_Top_Images/Wall_Indents_Top_Images_Video.avi,2, 1530, 1405, 91.8301, 440, 6
../Data/Wall_Indents_Top_Images/Wall_Indents_Top_Images_Video.avi,3, 1626, 1580, 97.171, 439, 6
../Data/Wall_Indents_Top_Images/Wall_Indents_Top_Images_Video.avi,4, 633, 605, 95.5766, 438, 6
../Data/Wall_Indents_Top_Images/Wall_Indents_Top_Images_Video.avi,5, 599, 520, 86.8114, 442, 6
../Data/Wall_Indents_Top_Images/Wall_Indents_Top_Images_Video.avi,6, 3401, 3390, 99.6766, 441, 6
../Data/Wall_Indents_Top_Images/Wall_Indents_Top_Images_Video.avi,7, 13360, 13259, 99.244, 461, 6
../Data/Wall_Indents_Top_Images/Wall_Indents_Top_Images_Video.avi,8, 10266, 10101, 98.3928, 456, 6
../Data/Wall_Indents_Top_Images/Wall_Indents_Top_Images_Video.avi,9, 3068, 3028, 98.6962, 440, 6
../Data/Wall_Indents_Top_Images/Wall_Indents_Top_Images_Video.avi,10, 5133, 5116, 99.6688, 447, 6
../Data/Wall_Indents_Top_Images/Wall_Indents_Top_Images_Video.avi,11, 10727, 10421, 97.1474, 461, 6
../Data/Wall_Indents_Top_Images/Wall_Indents_Top_Images_Video.avi,12, 7352, 7194, 97.8509, 461, 6
../Data/Wall_Indents_Top_Images/Wall_Indents_Top_Images_Video.avi,13, 1465, 1435, 97.9522, 443, 6
../Data/Wall_Indents_Top_Images/Wall_Indents_Top_Images_Video.avi,14, 1574, 1310, 83.2274, 444, 6
../Data/Wall_Indents_Top_Images/Wall_Indents_Top_Images_Video.avi,15, 1509, 1384, 91.7164, 445, 6
../Data/Wall_Indents_Top_Images/Wall_Indents_Top_Images_Video.avi,16, 2994, 2775, 92.6854, 439, 6
../Data/Wall_Indents_Top_Images/Wall_Indents_Top_Images_Video.avi,17, 11842, 11759, 99.2991, 462, 6
../Data/Wall_Indents_Top_Images/Wall_Indents_Top_Images_Video.avi,18, 3873, 3347, 86.4188, 444, 6
../Data/Wall_Indents_Top_Images/Wall_Indents_Top_Images_Video.avi,19, 2109, 1698, 80.5121, 440, 6
../Data/Wall_Indents_Top_Images/Wall_Indents_Top_Images_Video.avi,20, 11408, 11270, 98.7903, 460, 6
../Data/Wall_Indents_Top_Images/Wall_Indents_Top_Images_Video.avi,21, 3169, 2876, 90.7542, 441, 6
../Data/Wall_Indents_Top_Images/Wall_Indents_Top_Images_Video.avi,22, 1691, 1634, 96.6292, 443, 6
../Data/Wall_Indents_Top_Images/Wall_Indents_Top_Images_Video.avi,23, 907, 859, 94.7078, 441, 6
../Data/Wall_Indents_Top_Images/Wall_Indents_Top_Images_Video.avi,24, 7293, 6979, 95.6945, 460, 6
../Data/Wall_Indents_Top_Images/Wall_Indents_Top_Images_Video.avi,25, 3324, 3299, 99.2479, 438, 6
../Data/Wall_Indents_Top_Images/Wall_Indents_Top_Images_Video.avi,26, 453, 384, 84.7682, 439, 6
../Data/Wall_Indents_Top_Images/Wall_Indents_Top_Images_Video.avi,27, 701, 630, 89.8716, 444, 6
../Data/Wall_Indents_Top_Images/Wall_Indents_Top_Images_Video.avi,28, 3253, 3203, 98.463, 438, 6
../Data/Wall_Indents_Top_Images/Wall_Indents_Top_Images_Video.avi,29, 423, 322, 76.1229, 439, 6
../Data/Wall_Indents_Top_Images/Wall_Indents_Top_Images_Video.avi,30, 1358, 1253, 92.268, 438, 6
../Data/Wall_Indents_Top_Images/Wall_Indents_Top_Images_Video.avi,31, 919, 793, 86.2894, 441, 6
../Data/Wall_Indents_Top_Images/Wall_Indents_Top_Images_Video.avi,32, 1280, 1134, 88.5938, 445, 6
../Data/Wall_Indents_Top_Images/Wall_Indents_Top_Images_Video.avi,33, 3969, 3888, 97.9592, 453, 6
../Data/Wall_Indents_Top_Images/Wall_Indents_Top_Images_Video.avi,34, 783, 422, 53.8953, 440, 6
../Data/Wall_Indents_Top_Images/Wall_Indents_Top_Images_Video.avi,35, 846, 750, 88.6525, 443, 6
../Data/Wall_Indents_Top_Images/Wall_Indents_Top_Images_Video.avi,36, 1344, 721, 53.6458, 438, 6
../Data/Wall_Indents_Top_Images/Wall_Indents_Top_Images_Video.avi,37, 1096, 800, 72.9927, 446, 6
../Data/Wall_Indents_Top_Images/Wall_Indents_Top_Images_Video.avi,38, 650, 293, 45.0769, 443, 6
../Data/Wall_Indents_Top_Images/Wall_Indents_Top_Images_Video.avi,39, 268, 199, 74.2537, 441, 6
../Data/Wall_Indents_Top_Images/Wall_Indents_Top_Images_Video.avi,40, 1242, 1094, 88.0837, 438, 6
../Data/Wall_Indents_Top_Images/Wall_Indents_Top_Images_Video.avi,41, 514, 0, 0, 443, 6
../Data/Wall_Indents_Top_Images/Wall_Indents_Top_Images_Video.avi,42, 3032, 2938, 96.8997, 442, 6
../Data/Wall_Indents_Top_Images/Wall_Indents_Top_Images_Video.avi,43, 1043, 637, 61.0738, 435, 6
../Data/Wall_Indents_Top_Images/Wall_Indents_Top_Images_Video.avi,44, 1470, 1206, 82.0408, 446, 6
../Data/Wall_Indents_Top_Images/Wall_Indents_Top_Images_Video.avi,45, 1693, 1607, 94.9203, 441, 6
../Data/Wall_Indents_Top_Images/Wall_Indents_Top_Images_Video.avi,46, 581, 405, 69.7074, 439, 6
../Data/Wall_Indents_Top_Images/Wall_Indents_Top_Images_Video.avi,47, 2413, 2143, 88.8106, 450, 6
../Data/Wall_Indents_Top_Images/Wall_Indents_Top_Images_Video.avi,48, 3006, 2948, 98.0705, 451, 6
../Data/Wall_Indents_Top_Images/Wall_Indents_Top_Images_Video.avi,49, 1591, 138, 8.67379, 443, 6
../Data/Wall_Indents_Top_Images/Wall_Indents_Top_Images_Video.avi,0, 699, 696, 99.5708, 506, 7
../Data/Wall_Indents_Top_Images/Wall_Indents_Top_Images_Video.avi,1, 1802, 1789, 99.2786, 512, 7
../Data/Wall_Indents_Top_Images/Wall_Indents_Top_Images_Video.avi,2, 1551, 1423, 91.7473, 504, 7
../Data/Wall_Indents_Top_Images/Wall_Indents_Top_Images_Video.avi,3, 1641, 1594, 97.1359, 506, 7
../Data/Wall_Indents_Top_Images/Wall_Indents_Top_Images_Video.avi,4, 637, 609, 95.6044, 504, 7
../Data/Wall_Indents_Top_Images/Wall_Indents_Top_Images_Video.avi,5, 607, 527, 86.8204, 501, 7
../Data/Wall_Indents_Top_Images/Wall_Indents_Top_Images_Video.avi,6, 3465, 3453, 99.6537, 514, 7
../Data/Wall_Indents_Top_Images/Wall_Indents_Top_Images_Video.avi,7, 13508, 13404, 99.2301, 532, 7
../Data/Wall_Indents_Top_Images/Wall_Indents_Top_Images_Video.avi,8, 10367, 10201, 98.3988, 530, 7
../Data/Wall_Indents_Top_Images/Wall_Indents_Top_Images_Video.avi,9, 3120, 3080, 98.7179, 512, 7
../Data/Wall_Indents_Top_Images/Wall_Indents_Top_Images_Video.avi,10, 5212, 5195, 99.6738, 510, 7
../Data/Wall_Indents_Top_Images/Wall_Indents_Top_Images_Video.avi,11, 10875, 10559, 97.0943, 534, 7
../Data/Wall_Indents_Top_Images/Wall_Indents_Top_Images_Video.avi,12, 7449, 7290, 97.8655, 524, 7
../Data/Wall_Indents_Top_Images/Wall_Indents_Top_Images_Video.avi,13, 1492, 1462, 97.9893, 499, 7
../Data/Wall_Indents_Top_Images/Wall_Indents_Top_Images_Video.avi,14, 1594, 1329, 83.3752, 502, 7
../Data/Wall_Indents_Top_Images/Wall_Indents_Top_Images_Video.avi,15, 1526, 1400, 91.7431, 508, 7
../Data/Wall_Indents_Top_Images/Wall_Indents_Top_Images_Video.avi,16, 3037, 2815, 92.6902, 504, 7
../Data/Wall_Indents_Top_Images/Wall_Indents_Top_Images_Video.avi,17, 12036, 11951, 99.2938, 534, 7
../Data/Wall_Indents_Top_Images/Wall_Indents_Top_Images_Video.avi,18, 3928, 3391, 86.3289, 514, 7
../Data/Wall_Indents_Top_Images/Wall_Indents_Top_Images_Video.avi,19, 2142, 1725, 80.5322, 502, 7
../Data/Wall_Indents_Top_Images/Wall_Indents_Top_Images_Video.avi,20, 11596, 11452, 98.7582, 534, 7
../Data/Wall_Indents_Top_Images/Wall_Indents_Top_Images_Video.avi,21, 3213, 2917, 90.7874, 514, 7
../Data/Wall_Indents_Top_Images/Wall_Indents_Top_Images_Video.avi,22, 1717, 1660, 96.6803, 510, 7
../Data/Wall_Indents_Top_Images/Wall_Indents_Top_Images_Video.avi,23, 922, 872, 94.577, 507, 7
../Data/Wall_Indents_Top_Images/Wall_Indents_Top_Images_Video.avi,24, 7380, 7058, 95.6369, 527, 7
../Data/Wall_Indents_Top_Images/Wall_Indents_Top_Images_Video.avi,25, 3370, 3343, 99.1988, 504, 7
../Data/Wall_Indents_Top_Images/Wall_Indents_Top_Images_Video.avi,26, 457, 388, 84.9015, 500, 7
../Data/Wall_Indents_Top_Images/Wall_Indents_Top_Images_Video.avi,27, 720, 645, 89.5833, 508, 7
../Data/Wall_Indents_Top_Images/Wall_Indents_Top_Images_Video.avi,28, 3314, 3264, 98.4912, 503, 7
../Data/Wall_Indents_Top_Images/Wall_Indents_Top_Images_Video.avi,29, 429, 326, 75.9907, 501, 7
../Data/Wall_Indents_Top_Images/Wall_Indents_Top_Images_Video.avi,30, 1394, 1286, 92.2525, 510, 7
../Data/Wall_Indents_Top_Images/Wall_Indents_Top_Images_Video.avi,31, 931, 800, 85.9291, 505, 7
../Data/Wall_Indents_Top_Images/Wall_Indents_Top_Images_Video.avi,32, 1301, 1151, 88.4704, 508, 7
../Data/Wall_Indents_Top_Images/Wall_Indents_Top_Images_Video.avi,33, 4058, 3976, 97.9793, 512, 7
../Data/Wall_Indents_Top_Images/Wall_Indents_Top_Images_Video.avi,34, 798, 435, 54.5113, 506, 7
../Data/Wall_Indents_Top_Images/Wall_Indents_Top_Images_Video.avi,35, 866, 769, 88.7991, 509, 7
../Data/Wall_Indents_Top_Images/Wall_Indents_Top_Images_Video.avi,36, 1358, 731, 53.8292, 509, 7
../Data/Wall_Indents_Top_Images/Wall_Indents_Top_Images_Video.avi,37, 1124, 819, 72.8648, 508, 7
../Data/Wall_Indents_Top_Images/Wall_Indents_Top_Images_Video.avi,38, 664, 300, 45.1807, 505, 7
../Data/Wall_Indents_Top_Images/Wall_Indents_Top_Images_Video.avi,39, 271, 201, 74.1697, 505, 7
../Data/Wall_Indents_Top_Images/Wall_Indents_Top_Images_Video.avi,40, 1281, 1128, 88.0562, 507, 7
../Data/Wall_Indents_Top_Images/Wall_Indents_Top_Images_Video.avi,41, 528, 0, 0, 505, 7
../Data/Wall_Indents_Top_Images/Wall_Indents_Top_Images_Video.avi,42, 3084, 2986, 96.8223, 502, 7
../Data/Wall_Indents_Top_Images/Wall_Indents_Top_Images_Video.avi,43, 1071, 654, 61.0644, 507, 7
../Data/Wall_Indents_Top_Images/Wall_Indents_Top_Images_Video.avi,44, 1493, 1224, 81.9826, 509, 7
../Data/Wall_Indents_Top_Images/Wall_Indents_Top_Images_Video.avi,45, 1732, 1645, 94.9769, 510, 7
../Data/Wall_Indents_Top_Images/Wall_Indents_Top_Images_Video.avi,46, 598, 419, 70.0669, 505, 7
../Data/Wall_Indents_Top_Images/Wall_Indents_Top_Images_Video.avi,47, 2470, 2190, 88.664, 505, 7
../Data/Wall_Indents_Top_Images/Wall_Indents_Top_Images_Video.avi,48, 3063, 3004, 98.0738, 506, 7
../Data/Wall_Indents_Top_Images/Wall_Indents_Top_Images_Video.avi,49, 1612, 140, 8.68486, 507, 7
../Data/Wall_Indents_Top_Images/Wall_Indents_Top_Images_Video.avi,0, 694, 691, 99.5677, 560, 8
../Data/Wall_Indents_Top_Images/Wall_Indents_Top_Images_Video.avi,1, 1799, 1786, 99.2774, 565, 8
../Data/Wall_Indents_Top_Images/Wall_Indents_Top_Images_Video.avi,2, 1541, 1415, 91.8235, 563, 8
../Data/Wall_Indents_Top_Images/Wall_Indents_Top_Images_Video.avi,3, 1635, 1589, 97.1865, 568, 8
../Data/Wall_Indents_Top_Images/Wall_Indents_Top_Images_Video.avi,4, 635, 607, 95.5906, 566, 8
../Data/Wall_Indents_Top_Images/Wall_Indents_Top_Images_Video.avi,5, 601, 522, 86.8552, 566, 8
../Data/Wall_Indents_Top_Images/Wall_Indents_Top_Images_Video.avi,6, 3438, 3426, 99.651, 567, 8
../Data/Wall_Indents_Top_Images/Wall_Indents_Top_Images_Video.avi,7, 13522, 13420, 99.2457, 606, 8
../Data/Wall_Indents_Top_Images/Wall_Indents_Top_Images_Video.avi,8, 10359, 10193, 98.3975, 590, 8
../Data/Wall_Indents_Top_Images/Wall_Indents_Top_Images_Video.avi,9, 3104, 3063, 98.6791, 573, 8
../Data/Wall_Indents_Top_Images/Wall_Indents_Top_Images_Video.avi,10, 5195, 5178, 99.6728, 587, 8
../Data/Wall_Indents_Top_Images/Wall_Indents_Top_Images_Video.avi,11, 10889, 10577, 97.1347, 590, 8
../Data/Wall_Indents_Top_Images/Wall_Indents_Top_Images_Video.avi,12, 7434, 7272, 97.8208, 579, 8
../Data/Wall_Indents_Top_Images/Wall_Indents_Top_Images_Video.avi,13, 1489, 1459, 97.9852, 561, 8
../Data/Wall_Indents_Top_Images/Wall_Indents_Top_Images_Video.avi,14, 1582, 1317, 83.2491, 563, 8
../Data/Wall_Indents_Top_Images/Wall_Indents_Top_Images_Video.avi,15, 1518, 1393, 91.7655, 570, 8
../Data/Wall_Indents_Top_Images/Wall_Indents_Top_Images_Video.avi,16, 3025, 2802, 92.6281, 565, 8
../Data/Wall_Indents_Top_Images/Wall_Indents_Top_Images_Video.avi,17, 12052, 11969, 99.3113, 593, 8
../Data/Wall_Indents_Top_Images/Wall_Indents_Top_Images_Video.avi,18, 3909, 3376, 86.3648, 577, 8
../Data/Wall_Indents_Top_Images/Wall_Indents_Top_Images_Video.avi,19, 2128, 1716, 80.6391, 565, 8
../Data/Wall_Indents_Top_Images/Wall_Indents_Top_Images_Video.avi,20, 11586, 11444, 98.7744, 593, 8
../Data/Wall_Indents_Top_Images/Wall_Indents_Top_Images_Video.avi,21, 3204, 2907, 90.7303, 577, 8
../Data/Wall_Indents_Top_Images/Wall_Indents_Top_Images_Video.avi,22, 1702, 1644, 96.5922, 568, 8
../Data/Wall_Indents_Top_Images/Wall_Indents_Top_Images_Video.avi,23, 915, 867, 94.7541, 565, 8
../Data/Wall_Indents_Top_Images/Wall_Indents_Top_Images_Video.avi,24, 7379, 7061, 95.6905, 583, 8
../Data/Wall_Indents_Top_Images/Wall_Indents_Top_Images_Video.avi,25, 3348, 3322, 99.2234, 565, 8
../Data/Wall_Indents_Top_Images/Wall_Indents_Top_Images_Video.avi,26, 454, 385, 84.8018, 564, 8
../Data/Wall_Indents_Top_Images/Wall_Indents_Top_Images_Video.avi,27, 707, 636, 89.9576, 566, 8
../Data/Wall_Indents_Top_Images/Wall_Indents_Top_Images_Video.avi,28, 3292, 3242, 98.4812, 571, 8
../Data/Wall_Indents_Top_Images/Wall_Indents_Top_Images_Video.avi,29, 427, 325, 76.1124, 565, 8
../Data/Wall_Indents_Top_Images/Wall_Indents_Top_Images_Video.avi,30, 1374, 1268, 92.2853, 562, 8
../Data/Wall_Indents_Top_Images/Wall_Indents_Top_Images_Video.avi,31, 927, 797, 85.9763, 566, 8
../Data/Wall_Indents_Top_Images/Wall_Indents_Top_Images_Video.avi,32, 1286, 1140, 88.647, 562, 8
../Data/Wall_Indents_Top_Images/Wall_Indents_Top_Images_Video.avi,33, 4015, 3933, 97.9577, 569, 8
../Data/Wall_Indents_Top_Images/Wall_Indents_Top_Images_Video.avi,34, 790, 428, 54.1772, 567, 8
../Data/Wall_Indents_Top_Images/Wall_Indents_Top_Images_Video.avi,35, 854, 757, 88.6417, 571, 8
../Data/Wall_Indents_Top_Images/Wall_Indents_Top_Images_Video.avi,36, 1360, 731, 53.75, 561, 8
../Data/Wall_Indents_Top_Images/Wall_Indents_Top_Images_Video.avi,37, 1110, 809, 72.8829, 569, 8
../Data/Wall_Indents_Top_Images/Wall_Indents_Top_Images_Video.avi,38, 658, 296, 44.9848, 567, 8
../Data/Wall_Indents_Top_Images/Wall_Indents_Top_Images_Video.avi,39, 268, 199, 74.2537, 564, 8
../Data/Wall_Indents_Top_Images/Wall_Indents_Top_Images_Video.avi,40, 1254, 1103, 87.9585, 560, 8
../Data/Wall_Indents_Top_Images/Wall_Indents_Top_Images_Video.avi,41, 522, 0, 0, 566, 8
../Data/Wall_Indents_Top_Images/Wall_Indents_Top_Images_Video.avi,42, 3059, 2964, 96.8944, 578, 8
../Data/Wall_Indents_Top_Images/Wall_Indents_Top_Images_Video.avi,43, 1055, 642, 60.8531, 559, 8
../Data/Wall_Indents_Top_Images/Wall_Indents_Top_Images_Video.avi,44, 1483, 1217, 82.0634, 570, 8
../Data/Wall_Indents_Top_Images/Wall_Indents_Top_Images_Video.avi,45, 1703, 1617, 94.9501, 569, 8
../Data/Wall_Indents_Top_Images/Wall_Indents_Top_Images_Video.avi,46, 588, 410, 69.7279, 565, 8
../Data/Wall_Indents_Top_Images/Wall_Indents_Top_Images_Video.avi,47, 2440, 2165, 88.7295, 566, 8
../Data/Wall_Indents_Top_Images/Wall_Indents_Top_Images_Video.avi,48, 3035, 2977, 98.089, 566, 8
../Data/Wall_Indents_Top_Images/Wall_Indents_Top_Images_Video.avi,49, 1606, 139, 8.65504, 568, 8
../Data/Wall_Indents_Top_Images/Wall_Indents_Top_Images_Video.avi,0, 704, 701, 99.5739, 639, 9
../Data/Wall_Indents_Top_Images/Wall_Indents_Top_Images_Video.avi,1, 1813, 1800, 99.283, 634, 9
../Data/Wall_Indents_Top_Images/Wall_Indents_Top_Images_Video.avi,2, 1559, 1429, 91.6613, 633, 9
../Data/Wall_Indents_Top_Images/Wall_Indents_Top_Images_Video.avi,3, 1641, 1595, 97.1968, 641, 9
../Data/Wall_Indents_Top_Images/Wall_Indents_Top_Images_Video.avi,4, 637, 608, 95.4474, 639, 9
../Data/Wall_Indents_Top_Images/Wall_Indents_Top_Images_Video.avi,5, 609, 528, 86.6995, 640, 9
../Data/Wall_Indents_Top_Images/Wall_Indents_Top_Images_Video.avi,6, 3484, 3472, 99.6556, 653, 9
../Data/Wall_Indents_Top_Images/Wall_Indents_Top_Images_Video.avi,7, 13642, 13538, 99.2376, 681, 9
../Data/Wall_Indents_Top_Images/Wall_Indents_Top_Images_Video.avi,8, 10448, 10280, 98.392, 662, 9
../Data/Wall_Indents_Top_Images/Wall_Indents_Top_Images_Video.avi,9, 3138, 3097, 98.6934, 638, 9
../Data/Wall_Indents_Top_Images/Wall_Indents_Top_Images_Video.avi,10, 5241, 5224, 99.6756, 649, 9
../Data/Wall_Indents_Top_Images/Wall_Indents_Top_Images_Video.avi,11, 10989, 10668, 97.0789, 669, 9
../Data/Wall_Indents_Top_Images/Wall_Indents_Top_Images_Video.avi,12, 7511, 7348, 97.8298, 657, 9
../Data/Wall_Indents_Top_Images/Wall_Indents_Top_Images_Video.avi,13, 1502, 1472, 98.0027, 656, 9
../Data/Wall_Indents_Top_Images/Wall_Indents_Top_Images_Video.avi,14, 1600, 1334, 83.375, 642, 9
../Data/Wall_Indents_Top_Images/Wall_Indents_Top_Images_Video.avi,15, 1533, 1406, 91.7156, 643, 9
../Data/Wall_Indents_Top_Images/Wall_Indents_Top_Images_Video.avi,16, 3055, 2831, 92.6678, 640, 9
../Data/Wall_Indents_Top_Images/Wall_Indents_Top_Images_Video.avi,17, 12163, 12078, 99.3012, 670, 9
../Data/Wall_Indents_Top_Images/Wall_Indents_Top_Images_Video.avi,18, 3966, 3425, 86.3591, 642, 9
../Data/Wall_Indents_Top_Images/Wall_Indents_Top_Images_Video.avi,19, 2149, 1730, 80.5026, 638, 9
../Data/Wall_Indents_Top_Images/Wall_Indents_Top_Images_Video.avi,20, 11726, 11581, 98.7634, 668, 9
../Data/Wall_Indents_Top_Images/Wall_Indents_Top_Images_Video.avi,21, 3246, 2943, 90.6654, 654, 9
../Data/Wall_Indents_Top_Images/Wall_Indents_Top_Images_Video.avi,22, 1722, 1664, 96.6318, 635, 9
../Data/Wall_Indents_Top_Images/Wall_Indents_Top_Images_Video.avi,23, 927, 876, 94.4984, 637, 9
../Data/Wall_Indents_Top_Images/Wall_Indents_Top_Images_Video.avi,24, 7442, 7118, 95.6463, 656, 9
../Data/Wall_Indents_Top_Images/Wall_Indents_Top_Images_Video.avi,25, 3385, 3356, 99.1433, 640, 9
../Data/Wall_Indents_Top_Images/Wall_Indents_Top_Images_Video.avi,26, 460, 391, 85, 648, 9
../Data/Wall_Indents_Top_Images/Wall_Indents_Top_Images_Video.avi,27, 720, 647, 89.8611, 638, 9
../Data/Wall_Indents_Top_Images/Wall_Indents_Top_Images_Video.avi,28, 3333, 3283, 98.4998, 639, 9
../Data/Wall_Indents_Top_Images/Wall_Indents_Top_Images_Video.avi,29, 431, 329, 76.3341, 639, 9
../Data/Wall_Indents_Top_Images/Wall_Indents_Top_Images_Video.avi,30, 1403, 1295, 92.3022, 634, 9
../Data/Wall_Indents_Top_Images/Wall_Indents_Top_Images_Video.avi,31, 936, 804, 85.8974, 640, 9
../Data/Wall_Indents_Top_Images/Wall_Indents_Top_Images_Video.avi,32, 1302, 1151, 88.4025, 643, 9
../Data/Wall_Indents_Top_Images/Wall_Indents_Top_Images_Video.avi,33, 4084, 4000, 97.9432, 655, 9
../Data/Wall_Indents_Top_Images/Wall_Indents_Top_Images_Video.avi,34, 801, 436, 54.432, 636, 9
../Data/Wall_Indents_Top_Images/Wall_Indents_Top_Images_Video.avi,35, 868, 771, 88.8249, 637, 9
../Data/Wall_Indents_Top_Images/Wall_Indents_Top_Images_Video.avi,36, 1376, 740, 53.7791, 630, 9
../Data/Wall_Indents_Top_Images/Wall_Indents_Top_Images_Video.avi,37, 1130, 823, 72.8319, 653, 9
../Data/Wall_Indents_Top_Images/Wall_Indents_Top_Images_Video.avi,38, 666, 300, 45.045, 643, 9
../Data/Wall_Indents_Top_Images/Wall_Indents_Top_Images_Video.avi,39, 272, 202, 74.2647, 638, 9
../Data/Wall_Indents_Top_Images/Wall_Indents_Top_Images_Video.avi,40, 1280, 1127, 88.0469, 643, 9
../Data/Wall_Indents_Top_Images/Wall_Indents_Top_Images_Video.avi,41, 529, 0, 0, 645, 9
../Data/Wall_Indents_Top_Images/Wall_Indents_Top_Images_Video.avi,42, 3105, 3006, 96.8116, 640, 9
../Data/Wall_Indents_Top_Images/Wall_Indents_Top_Images_Video.avi,43, 1080, 657, 60.8333, 644, 9
../Data/Wall_Indents_Top_Images/Wall_Indents_Top_Images_Video.avi,44, 1506, 1233, 81.8725, 639, 9
../Data/Wall_Indents_Top_Images/Wall_Indents_Top_Images_Video.avi,45, 1737, 1650, 94.9914, 635, 9
../Data/Wall_Indents_Top_Images/Wall_Indents_Top_Images_Video.avi,46, 599, 420, 70.1169, 638, 9
../Data/Wall_Indents_Top_Images/Wall_Indents_Top_Images_Video.avi,47, 2486, 2207, 88.7772, 639, 9
../Data/Wall_Indents_Top_Images/Wall_Indents_Top_Images_Video.avi,48, 3077, 3017, 98.05, 649, 9
../Data/Wall_Indents_Top_Images/Wall_Indents_Top_Images_Video.avi,49, 1622, 141, 8.69297, 638, 9
../Data/Wall_Indents_Top_Images/Wall_Indents_Top_Images_Video.avi,0, 702, 699, 99.5726, 703, 10
../Data/Wall_Indents_Top_Images/Wall_Indents_Top_Images_Video.avi,1, 1805, 1792, 99.2798, 706, 10
../Data/Wall_Indents_Top_Images/Wall_Indents_Top_Images_Video.avi,2, 1549, 1422, 91.8012, 698, 10
../Data/Wall_Indents_Top_Images/Wall_Indents_Top_Images_Video.avi,3, 1640, 1594, 97.1951, 706, 10
../Data/Wall_Indents_Top_Images/Wall_Indents_Top_Images_Video.avi,4, 636, 607, 95.4403, 705, 10
../Data/Wall_Indents_Top_Images/Wall_Indents_Top_Images_Video.avi,5, 605, 524, 86.6116, 704, 10
../Data/Wall_Indents_Top_Images/Wall_Indents_Top_Images_Video.avi,6, 3464, 3452, 99.6536, 707, 10
../Data/Wall_Indents_Top_Images/Wall_Indents_Top_Images_Video.avi,7, 13637, 13532, 99.23, 739, 10
../Data/Wall_Indents_Top_Images/Wall_Indents_Top_Images_Video.avi,8, 10437, 10269, 98.3903, 728, 10
../Data/Wall_Indents_Top_Images/Wall_Indents_Top_Images_Video.avi,9, 3119, 3078, 98.6855, 705, 10
../Data/Wall_Indents_Top_Images/Wall_Indents_Top_Images_Video.avi,10, 5227, 5210, 99.6748, 715, 10
../Data/Wall_Indents_Top_Images/Wall_Indents_Top_Images_Video.avi,11, 10997, 10677, 97.0901, 732, 10
../Data/Wall_Indents_Top_Images/Wall_Indents_Top_Images_Video.avi,12, 7485, 7322, 97.8223, 722, 10
../Data/Wall_Indents_Top_Images/Wall_Indents_Top_Images_Video.avi,13, 1495, 1465, 97.9933, 702, 10
../Data/Wall_Indents_Top_Images/Wall_Indents_Top_Images_Video.avi,14, 1594, 1327, 83.2497, 701, 10
../Data/Wall_Indents_Top_Images/Wall_Indents_Top_Images_Video.avi,15, 1523, 1397, 91.7269, 707, 10
../Data/Wall_Indents_Top_Images/Wall_Indents_Top_Images_Video.avi,16, 3047, 2823, 92.6485, 706, 10
../Data/Wall_Indents_Top_Images/Wall_Indents_Top_Images_Video.avi,17, 12164, 12079, 99.3012, 743, 10
../Data/Wall_Indents_Top_Images/Wall_Indents_Top_Images_Video.avi,18, 3948, 3409, 86.3475, 707, 10
../Data/Wall_Indents_Top_Images/Wall_Indents_Top_Images_Video.avi,19, 2136, 1720, 80.5243, 701, 10
../Data/Wall_Indents_Top_Images/Wall_Indents_Top_Images_Video.avi,20, 11700, 11556, 98.7692, 741, 10
../Data/Wall_Indents_Top_Images/Wall_Indents_Top_Images_Video.avi,21, 3227, 2927, 90.7034, 707, 10
../Data/Wall_Indents_Top_Images/Wall_Indents_Top_Images_Video.avi,22, 1711, 1653, 96.6102, 707, 10
../Data/Wall_Indents_Top_Images/Wall_Indents_Top_Images_Video.avi,23, 920, 870, 94.5652, 704, 10
../Data/Wall_Indents_Top_Images/Wall_Indents_Top_Images_Video.avi,24, 7434, 7110, 95.6416, 718, 10
../Data/Wall_Indents_Top_Images/Wall_Indents_Top_Images_Video.avi,25, 3370, 3343, 99.1988, 702, 10
../Data/Wall_Indents_Top_Images/Wall_Indents_Top_Images_Video.avi,26, 458, 389, 84.9345, 700, 10
../Data/Wall_Indents_Top_Images/Wall_Indents_Top_Images_Video.avi,27, 709, 638, 89.9859, 702, 10
../Data/Wall_Indents_Top_Images/Wall_Indents_Top_Images_Video.avi,28, 3312, 3262, 98.4903, 705, 10
../Data/Wall_Indents_Top_Images/Wall_Indents_Top_Images_Video.avi,29, 429, 327, 76.2238, 701, 10
../Data/Wall_Indents_Top_Images/Wall_Indents_Top_Images_Video.avi,30, 1381, 1275, 92.3244, 698, 10
../Data/Wall_Indents_Top_Images/Wall_Indents_Top_Images_Video.avi,31, 931, 800, 85.9291, 701, 10
../Data/Wall_Indents_Top_Images/Wall_Indents_Top_Images_Video.avi,32, 1291, 1144, 88.6135, 699, 10
../Data/Wall_Indents_Top_Images/Wall_Indents_Top_Images_Video.avi,33, 4050, 3965, 97.9012, 707, 10
../Data/Wall_Indents_Top_Images/Wall_Indents_Top_Images_Video.avi,34, 796, 431, 54.1457, 702, 10
../Data/Wall_Indents_Top_Images/Wall_Indents_Top_Images_Video.avi,35, 863, 766, 88.7601, 705, 10
../Data/Wall_Indents_Top_Images/Wall_Indents_Top_Images_Video.avi,36, 1371, 736, 53.6834, 697, 10
../Data/Wall_Indents_Top_Images/Wall_Indents_Top_Images_Video.avi,37, 1118, 815, 72.898, 703, 10
../Data/Wall_Indents_Top_Images/Wall_Indents_Top_Images_Video.avi,38, 659, 296, 44.9165, 699, 10
../Data/Wall_Indents_Top_Images/Wall_Indents_Top_Images_Video.avi,39, 271, 201, 74.1697, 701, 10
../Data/Wall_Indents_Top_Images/Wall_Indents_Top_Images_Video.avi,40, 1260, 1109, 88.0159, 695, 10
../Data/Wall_Indents_Top_Images/Wall_Indents_Top_Images_Video.avi,41, 523, 0, 0, 700, 10
../Data/Wall_Indents_Top_Images/Wall_Indents_Top_Images_Video.avi,42, 3084, 2988, 96.8872, 704, 10
../Data/Wall_Indents_Top_Images/Wall_Indents_Top_Images_Video.avi,43, 1068, 651, 60.9551, 696, 10
../Data/Wall_Indents_Top_Images/Wall_Indents_Top_Images_Video.avi,44, 1499, 1229, 81.988, 707, 10
../Data/Wall_Indents_Top_Images/Wall_Indents_Top_Images_Video.avi,45, 1712, 1626, 94.9766, 697, 10
../Data/Wall_Indents_Top_Images/Wall_Indents_Top_Images_Video.avi,46, 592, 413, 69.7635, 701, 10
../Data/Wall_Indents_Top_Images/Wall_Indents_Top_Images_Video.avi,47, 2460, 2180, 88.6179, 712, 10
../Data/Wall_Indents_Top_Images/Wall_Indents_Top_Images_Video.avi,48, 3061, 3002, 98.0725, 702, 10
../Data/Wall_Indents_Top_Images/Wall_Indents_Top_Images_Video.avi,49, 1621, 140, 8.63664, 707, 10
