Video, Frame ID, hole count, invalid_percentage, speckle_percentage, incomplete, time_spent_ms,  block_size
/home/benjamin/Master_Thesis_Workspace/Data/Video_Data/Short_Objects_bottom.mkv,0, 3390, 14.3518, 80.9932, 0, 207, 1
/home/benjamin/Master_Thesis_Workspace/Data/Video_Data/Short_Objects_bottom.mkv,1, 3324, 13.9964, 70.8625, 0, 199, 1
/home/benjamin/Master_Thesis_Workspace/Data/Video_Data/Short_Objects_bottom.mkv,2, 3326, 13.5025, 77.4531, 0, 199, 1
/home/benjamin/Master_Thesis_Workspace/Data/Video_Data/Short_Objects_bottom.mkv,3, 3211, 13.3701, 79.9058, 0, 199, 1
/home/benjamin/Master_Thesis_Workspace/Data/Video_Data/Short_Objects_bottom.mkv,4, 3073, 12.6361, 86.1679, 0, 199, 1
/home/benjamin/Master_Thesis_Workspace/Data/Video_Data/Short_Objects_bottom.mkv,5, 3050, 16.0104, 72.546, 1, 204, 1
/home/benjamin/Master_Thesis_Workspace/Data/Video_Data/Short_Objects_bottom.mkv,6, 3077, 11.6811, 81.985, 0, 205, 1
/home/benjamin/Master_Thesis_Workspace/Data/Video_Data/Short_Objects_bottom.mkv,7, 2908, 10.9627, 88.6266, 0, 207, 1
/home/benjamin/Master_Thesis_Workspace/Data/Video_Data/Short_Objects_bottom.mkv,8, 3057, 10.827, 87.8047, 0, 208, 1
/home/benjamin/Master_Thesis_Workspace/Data/Video_Data/Short_Objects_bottom.mkv,9, 2855, 10.1978, 91.7127, 0, 211, 1
/home/benjamin/Master_Thesis_Workspace/Data/Video_Data/Short_Objects_bottom.mkv,10, 2956, 10.5556, 89.5485, 0, 214, 1
/home/benjamin/Master_Thesis_Workspace/Data/Video_Data/Short_Objects_bottom.mkv,11, 3085, 10.6626, 91.941, 0, 216, 1
/home/benjamin/Master_Thesis_Workspace/Data/Video_Data/Short_Objects_bottom.mkv,12, 2877, 10.8522, 90.4969, 0, 221, 1
/home/benjamin/Master_Thesis_Workspace/Data/Video_Data/Short_Objects_bottom.mkv,13, 2943, 11.4238, 89.7648, 0, 222, 1
/home/benjamin/Master_Thesis_Workspace/Data/Video_Data/Short_Objects_bottom.mkv,14, 3032, 11.7236, 90.2514, 0, 224, 1
/home/benjamin/Master_Thesis_Workspace/Data/Video_Data/Short_Objects_bottom.mkv,15, 2997, 11.6643, 89.1024, 0, 224, 1
/home/benjamin/Master_Thesis_Workspace/Data/Video_Data/Short_Objects_bottom.mkv,16, 3095, 12.2114, 90.3676, 0, 225, 1
/home/benjamin/Master_Thesis_Workspace/Data/Video_Data/Short_Objects_bottom.mkv,17, 3092, 13.06, 88.9105, 0, 225, 1
/home/benjamin/Master_Thesis_Workspace/Data/Video_Data/Short_Objects_bottom.mkv,18, 3050, 12.4322, 90.1943, 0, 225, 1
/home/benjamin/Master_Thesis_Workspace/Data/Video_Data/Short_Objects_bottom.mkv,19, 3178, 13.1624, 89.19, 0, 226, 1
/home/benjamin/Master_Thesis_Workspace/Data/Video_Data/Short_Objects_bottom.mkv,20, 3289, 13.1421, 86.0147, 0, 225, 1
/home/benjamin/Master_Thesis_Workspace/Data/Video_Data/Short_Objects_bottom.mkv,21, 3162, 13.0456, 88.0422, 0, 225, 1
/home/benjamin/Master_Thesis_Workspace/Data/Video_Data/Short_Objects_bottom.mkv,22, 3139, 12.8676, 88.9425, 0, 224, 1
/home/benjamin/Master_Thesis_Workspace/Data/Video_Data/Short_Objects_bottom.mkv,23, 3226, 12.5516, 89.7377, 0, 225, 1
/home/benjamin/Master_Thesis_Workspace/Data/Video_Data/Short_Objects_bottom.mkv,24, 3162, 12.082, 90.5529, 0, 225, 1
/home/benjamin/Master_Thesis_Workspace/Data/Video_Data/Short_Objects_bottom.mkv,25, 3222, 11.7695, 90.7997, 0, 258, 1
/home/benjamin/Master_Thesis_Workspace/Data/Video_Data/Short_Objects_bottom.mkv,26, 3208, 12.0871, 89.4024, 0, 230, 1
/home/benjamin/Master_Thesis_Workspace/Data/Video_Data/Short_Objects_bottom.mkv,27, 3196, 11.7102, 89.2129, 0, 226, 1
/home/benjamin/Master_Thesis_Workspace/Data/Video_Data/Short_Objects_bottom.mkv,28, 3163, 12.7094, 87.5945, 0, 226, 1
/home/benjamin/Master_Thesis_Workspace/Data/Video_Data/Short_Objects_bottom.mkv,29, 3316, 13.1447, 87.3141, 0, 260, 1
/home/benjamin/Master_Thesis_Workspace/Data/Video_Data/Short_Objects_bottom.mkv,30, 3235, 13.1515, 85.4692, 0, 261, 1
/home/benjamin/Master_Thesis_Workspace/Data/Video_Data/Short_Objects_bottom.mkv,31, 3271, 12.6287, 88.4869, 0, 231, 1
/home/benjamin/Master_Thesis_Workspace/Data/Video_Data/Short_Objects_bottom.mkv,32, 3178, 12.6991, 85.0439, 0, 286, 1
/home/benjamin/Master_Thesis_Workspace/Data/Video_Data/Short_Objects_bottom.mkv,33, 3274, 12.7943, 80.9062, 0, 234, 1
/home/benjamin/Master_Thesis_Workspace/Data/Video_Data/Short_Objects_bottom.mkv,34, 3355, 13.6568, 80.8033, 0, 227, 1
/home/benjamin/Master_Thesis_Workspace/Data/Video_Data/Short_Objects_bottom.mkv,35, 3228, 12.3967, 89.3544, 0, 257, 1
/home/benjamin/Master_Thesis_Workspace/Data/Video_Data/Short_Objects_bottom.mkv,36, 3147, 12.2912, 90.1964, 0, 257, 1
/home/benjamin/Master_Thesis_Workspace/Data/Video_Data/Short_Objects_bottom.mkv,37, 3286, 12.9718, 84.9198, 0, 224, 1
/home/benjamin/Master_Thesis_Workspace/Data/Video_Data/Short_Objects_bottom.mkv,38, 3157, 12.6709, 89.2988, 0, 222, 1
/home/benjamin/Master_Thesis_Workspace/Data/Video_Data/Short_Objects_bottom.mkv,39, 3439, 14.6138, 87.2538, 0, 224, 1
/home/benjamin/Master_Thesis_Workspace/Data/Video_Data/Short_Objects_bottom.mkv,40, 3265, 13.0618, 88.4571, 0, 224, 1
/home/benjamin/Master_Thesis_Workspace/Data/Video_Data/Short_Objects_bottom.mkv,41, 3199, 11.891, 89.3931, 0, 271, 1
/home/benjamin/Master_Thesis_Workspace/Data/Video_Data/Short_Objects_bottom.mkv,42, 3206, 12.096, 86.6091, 0, 225, 1
/home/benjamin/Master_Thesis_Workspace/Data/Video_Data/Short_Objects_bottom.mkv,43, 3141, 11.6982, 89.8844, 0, 218, 1
/home/benjamin/Master_Thesis_Workspace/Data/Video_Data/Short_Objects_bottom.mkv,44, 3120, 12.1442, 85.3817, 0, 216, 1
/home/benjamin/Master_Thesis_Workspace/Data/Video_Data/Short_Objects_bottom.mkv,45, 3083, 12.1893, 85.8856, 0, 215, 1
/home/benjamin/Master_Thesis_Workspace/Data/Video_Data/Short_Objects_bottom.mkv,46, 3147, 12.2475, 82.8929, 0, 248, 1
/home/benjamin/Master_Thesis_Workspace/Data/Video_Data/Short_Objects_bottom.mkv,47, 3213, 12.6654, 88.614, 0, 223, 1
/home/benjamin/Master_Thesis_Workspace/Data/Video_Data/Short_Objects_bottom.mkv,48, 3277, 13.5334, 85.6159, 0, 223, 1
/home/benjamin/Master_Thesis_Workspace/Data/Video_Data/Short_Objects_bottom.mkv,49, 3395, 13.2885, 87.4804, 0, 222, 1
/home/benjamin/Master_Thesis_Workspace/Data/Video_Data/Short_Objects_bottom.mkv,0, 2379, 14.6987, 71.3653, 0, 197, 3
/home/benjamin/Master_Thesis_Workspace/Data/Video_Data/Short_Objects_bottom.mkv,1, 2311, 13.8266, 76.2255, 0, 197, 3
/home/benjamin/Master_Thesis_Workspace/Data/Video_Data/Short_Objects_bottom.mkv,2, 2383, 13.3215, 73.9907, 0, 197, 3
/home/benjamin/Master_Thesis_Workspace/Data/Video_Data/Short_Objects_bottom.mkv,3, 2330, 13.5231, 70.781, 0, 201, 3
/home/benjamin/Master_Thesis_Workspace/Data/Video_Data/Short_Objects_bottom.mkv,4, 2309, 12.4991, 67.2496, 0, 203, 3
/home/benjamin/Master_Thesis_Workspace/Data/Video_Data/Short_Objects_bottom.mkv,5, 2359, 15.6933, 65.7215, 1, 205, 3
/home/benjamin/Master_Thesis_Workspace/Data/Video_Data/Short_Objects_bottom.mkv,6, 2174, 11.2728, 78.8056, 0, 206, 3
/home/benjamin/Master_Thesis_Workspace/Data/Video_Data/Short_Objects_bottom.mkv,7, 2242, 10.2926, 83.3809, 0, 209, 3
/home/benjamin/Master_Thesis_Workspace/Data/Video_Data/Short_Objects_bottom.mkv,8, 2204, 10.1554, 84.6015, 0, 210, 3
/home/benjamin/Master_Thesis_Workspace/Data/Video_Data/Short_Objects_bottom.mkv,9, 2104, 9.69691, 81.4717, 0, 212, 3
/home/benjamin/Master_Thesis_Workspace/Data/Video_Data/Short_Objects_bottom.mkv,10, 2075, 9.79648, 83.9123, 0, 215, 3
/home/benjamin/Master_Thesis_Workspace/Data/Video_Data/Short_Objects_bottom.mkv,11, 2195, 9.40586, 89.3354, 0, 220, 3
/home/benjamin/Master_Thesis_Workspace/Data/Video_Data/Short_Objects_bottom.mkv,12, 2117, 9.41111, 89.1064, 0, 222, 3
/home/benjamin/Master_Thesis_Workspace/Data/Video_Data/Short_Objects_bottom.mkv,13, 2195, 9.68466, 89.7785, 0, 223, 3
/home/benjamin/Master_Thesis_Workspace/Data/Video_Data/Short_Objects_bottom.mkv,14, 2152, 9.85622, 90.7957, 0, 226, 3
/home/benjamin/Master_Thesis_Workspace/Data/Video_Data/Short_Objects_bottom.mkv,15, 2060, 9.7468, 87.6607, 0, 228, 3
/home/benjamin/Master_Thesis_Workspace/Data/Video_Data/Short_Objects_bottom.mkv,16, 2166, 9.71748, 87.4212, 0, 230, 3
/home/benjamin/Master_Thesis_Workspace/Data/Video_Data/Short_Objects_bottom.mkv,17, 2236, 10.2403, 90.3249, 0, 229, 3
/home/benjamin/Master_Thesis_Workspace/Data/Video_Data/Short_Objects_bottom.mkv,18, 2153, 9.60565, 91.8625, 0, 229, 3
/home/benjamin/Master_Thesis_Workspace/Data/Video_Data/Short_Objects_bottom.mkv,19, 2313, 10.1549, 90.9585, 0, 230, 3
/home/benjamin/Master_Thesis_Workspace/Data/Video_Data/Short_Objects_bottom.mkv,20, 2285, 10.0337, 89.6857, 0, 228, 3
/home/benjamin/Master_Thesis_Workspace/Data/Video_Data/Short_Objects_bottom.mkv,21, 2269, 9.83281, 86.7762, 0, 227, 3
/home/benjamin/Master_Thesis_Workspace/Data/Video_Data/Short_Objects_bottom.mkv,22, 2192, 9.74505, 89.6804, 0, 228, 3
/home/benjamin/Master_Thesis_Workspace/Data/Video_Data/Short_Objects_bottom.mkv,23, 2390, 9.62491, 86.0075, 0, 228, 3
/home/benjamin/Master_Thesis_Workspace/Data/Video_Data/Short_Objects_bottom.mkv,24, 2246, 9.50061, 87.9191, 0, 227, 3
/home/benjamin/Master_Thesis_Workspace/Data/Video_Data/Short_Objects_bottom.mkv,25, 2223, 9.35946, 89.7238, 0, 257, 3
/home/benjamin/Master_Thesis_Workspace/Data/Video_Data/Short_Objects_bottom.mkv,26, 2287, 9.4947, 90.8825, 0, 232, 3
/home/benjamin/Master_Thesis_Workspace/Data/Video_Data/Short_Objects_bottom.mkv,27, 2255, 9.47457, 88.3518, 0, 228, 3
/home/benjamin/Master_Thesis_Workspace/Data/Video_Data/Short_Objects_bottom.mkv,28, 2263, 10.1731, 89.4405, 0, 227, 3
/home/benjamin/Master_Thesis_Workspace/Data/Video_Data/Short_Objects_bottom.mkv,29, 2371, 9.86957, 90.1583, 0, 258, 3
/home/benjamin/Master_Thesis_Workspace/Data/Video_Data/Short_Objects_bottom.mkv,30, 2390, 9.94529, 83.9195, 0, 264, 3
/home/benjamin/Master_Thesis_Workspace/Data/Video_Data/Short_Objects_bottom.mkv,31, 2278, 9.82843, 89.2523, 0, 233, 3
/home/benjamin/Master_Thesis_Workspace/Data/Video_Data/Short_Objects_bottom.mkv,32, 2230, 9.56408, 87.3295, 0, 282, 3
/home/benjamin/Master_Thesis_Workspace/Data/Video_Data/Short_Objects_bottom.mkv,33, 2256, 9.92932, 88.6202, 0, 238, 3
/home/benjamin/Master_Thesis_Workspace/Data/Video_Data/Short_Objects_bottom.mkv,34, 2348, 10.0013, 82.9632, 0, 232, 3
/home/benjamin/Master_Thesis_Workspace/Data/Video_Data/Short_Objects_bottom.mkv,35, 2248, 9.46888, 88.6125, 0, 255, 3
/home/benjamin/Master_Thesis_Workspace/Data/Video_Data/Short_Objects_bottom.mkv,36, 2210, 9.81793, 90.0565, 0, 254, 3
/home/benjamin/Master_Thesis_Workspace/Data/Video_Data/Short_Objects_bottom.mkv,37, 2339, 10.0274, 87.7464, 0, 228, 3
/home/benjamin/Master_Thesis_Workspace/Data/Video_Data/Short_Objects_bottom.mkv,38, 2332, 9.69625, 87.9439, 0, 223, 3
/home/benjamin/Master_Thesis_Workspace/Data/Video_Data/Short_Objects_bottom.mkv,39, 2371, 10.9417, 88.7628, 0, 224, 3
/home/benjamin/Master_Thesis_Workspace/Data/Video_Data/Short_Objects_bottom.mkv,40, 2391, 9.99059, 90.768, 0, 224, 3
/home/benjamin/Master_Thesis_Workspace/Data/Video_Data/Short_Objects_bottom.mkv,41, 2283, 9.1671, 86.2384, 0, 268, 3
/home/benjamin/Master_Thesis_Workspace/Data/Video_Data/Short_Objects_bottom.mkv,42, 2342, 9.61747, 89.8755, 0, 229, 3
/home/benjamin/Master_Thesis_Workspace/Data/Video_Data/Short_Objects_bottom.mkv,43, 2235, 9.49886, 89.1222, 0, 220, 3
/home/benjamin/Master_Thesis_Workspace/Data/Video_Data/Short_Objects_bottom.mkv,44, 2352, 9.74024, 88.0691, 0, 218, 3
/home/benjamin/Master_Thesis_Workspace/Data/Video_Data/Short_Objects_bottom.mkv,45, 2332, 9.6341, 88.9967, 0, 215, 3
/home/benjamin/Master_Thesis_Workspace/Data/Video_Data/Short_Objects_bottom.mkv,46, 2319, 9.61857, 87.5693, 0, 247, 3
/home/benjamin/Master_Thesis_Workspace/Data/Video_Data/Short_Objects_bottom.mkv,47, 2419, 9.65708, 88.7361, 0, 224, 3
/home/benjamin/Master_Thesis_Workspace/Data/Video_Data/Short_Objects_bottom.mkv,48, 2365, 10.2394, 87.1415, 0, 222, 3
/home/benjamin/Master_Thesis_Workspace/Data/Video_Data/Short_Objects_bottom.mkv,49, 2394, 10.1913, 86.9583, 0, 222, 3
/home/benjamin/Master_Thesis_Workspace/Data/Video_Data/Short_Objects_bottom.mkv,0, 1625, 14.7354, 72.1609, 0, 201, 5
/home/benjamin/Master_Thesis_Workspace/Data/Video_Data/Short_Objects_bottom.mkv,1, 1473, 14.0205, 70.8771, 0, 202, 5
/home/benjamin/Master_Thesis_Workspace/Data/Video_Data/Short_Objects_bottom.mkv,2, 1557, 13.601, 77.6575, 0, 202, 5
/home/benjamin/Master_Thesis_Workspace/Data/Video_Data/Short_Objects_bottom.mkv,3, 1611, 13.5001, 65.9524, 0, 205, 5
/home/benjamin/Master_Thesis_Workspace/Data/Video_Data/Short_Objects_bottom.mkv,4, 1522, 12.312, 74.6393, 0, 204, 5
/home/benjamin/Master_Thesis_Workspace/Data/Video_Data/Short_Objects_bottom.mkv,5, 1674, 15.3661, 63.3174, 1, 206, 5
/home/benjamin/Master_Thesis_Workspace/Data/Video_Data/Short_Objects_bottom.mkv,6, 1524, 10.846, 73.9956, 0, 206, 5
/home/benjamin/Master_Thesis_Workspace/Data/Video_Data/Short_Objects_bottom.mkv,7, 1455, 9.74659, 85.1893, 0, 211, 5
/home/benjamin/Master_Thesis_Workspace/Data/Video_Data/Short_Objects_bottom.mkv,8, 1481, 9.46932, 83.4091, 0, 213, 5
/home/benjamin/Master_Thesis_Workspace/Data/Video_Data/Short_Objects_bottom.mkv,9, 1389, 9.2704, 82.6485, 0, 215, 5
/home/benjamin/Master_Thesis_Workspace/Data/Video_Data/Short_Objects_bottom.mkv,10, 1295, 9.03471, 84.6887, 0, 220, 5
/home/benjamin/Master_Thesis_Workspace/Data/Video_Data/Short_Objects_bottom.mkv,11, 1386, 8.64583, 85.8594, 0, 222, 5
/home/benjamin/Master_Thesis_Workspace/Data/Video_Data/Short_Objects_bottom.mkv,12, 1361, 8.50074, 89.9353, 0, 226, 5
/home/benjamin/Master_Thesis_Workspace/Data/Video_Data/Short_Objects_bottom.mkv,13, 1339, 8.68457, 89.3831, 0, 228, 5
/home/benjamin/Master_Thesis_Workspace/Data/Video_Data/Short_Objects_bottom.mkv,14, 1339, 8.56027, 88.6648, 0, 231, 5
/home/benjamin/Master_Thesis_Workspace/Data/Video_Data/Short_Objects_bottom.mkv,15, 1309, 8.58193, 89.2695, 0, 232, 5
/home/benjamin/Master_Thesis_Workspace/Data/Video_Data/Short_Objects_bottom.mkv,16, 1370, 8.5014, 89.8776, 0, 234, 5
/home/benjamin/Master_Thesis_Workspace/Data/Video_Data/Short_Objects_bottom.mkv,17, 1405, 9.00188, 88.1929, 0, 233, 5
/home/benjamin/Master_Thesis_Workspace/Data/Video_Data/Short_Objects_bottom.mkv,18, 1325, 8.46967, 89.9428, 0, 232, 5
/home/benjamin/Master_Thesis_Workspace/Data/Video_Data/Short_Objects_bottom.mkv,19, 1391, 8.74256, 92.0659, 0, 233, 5
/home/benjamin/Master_Thesis_Workspace/Data/Video_Data/Short_Objects_bottom.mkv,20, 1442, 8.65918, 85.5428, 0, 232, 5
/home/benjamin/Master_Thesis_Workspace/Data/Video_Data/Short_Objects_bottom.mkv,21, 1385, 8.52307, 85.7719, 0, 231, 5
/home/benjamin/Master_Thesis_Workspace/Data/Video_Data/Short_Objects_bottom.mkv,22, 1359, 8.42831, 88.3591, 0, 231, 5
/home/benjamin/Master_Thesis_Workspace/Data/Video_Data/Short_Objects_bottom.mkv,23, 1513, 8.28081, 89.4564, 0, 232, 5
/home/benjamin/Master_Thesis_Workspace/Data/Video_Data/Short_Objects_bottom.mkv,24, 1409, 8.28322, 87.3131, 0, 231, 5
/home/benjamin/Master_Thesis_Workspace/Data/Video_Data/Short_Objects_bottom.mkv,25, 1454, 8.32414, 87.7082, 0, 258, 5
/home/benjamin/Master_Thesis_Workspace/Data/Video_Data/Short_Objects_bottom.mkv,26, 1408, 8.33465, 91.0475, 0, 238, 5
/home/benjamin/Master_Thesis_Workspace/Data/Video_Data/Short_Objects_bottom.mkv,27, 1460, 8.46464, 88.1529, 0, 233, 5
/home/benjamin/Master_Thesis_Workspace/Data/Video_Data/Short_Objects_bottom.mkv,28, 1477, 8.96577, 87.1328, 0, 232, 5
/home/benjamin/Master_Thesis_Workspace/Data/Video_Data/Short_Objects_bottom.mkv,29, 1415, 8.64277, 86.4428, 0, 261, 5
/home/benjamin/Master_Thesis_Workspace/Data/Video_Data/Short_Objects_bottom.mkv,30, 1474, 8.74387, 83.004, 0, 264, 5
/home/benjamin/Master_Thesis_Workspace/Data/Video_Data/Short_Objects_bottom.mkv,31, 1519, 8.62658, 86.9151, 0, 240, 5
/home/benjamin/Master_Thesis_Workspace/Data/Video_Data/Short_Objects_bottom.mkv,32, 1331, 8.35741, 88.6066, 0, 283, 5
/home/benjamin/Master_Thesis_Workspace/Data/Video_Data/Short_Objects_bottom.mkv,33, 1403, 8.57668, 86.1955, 0, 245, 5
/home/benjamin/Master_Thesis_Workspace/Data/Video_Data/Short_Objects_bottom.mkv,34, 1462, 8.57405, 85.073, 0, 238, 5
/home/benjamin/Master_Thesis_Workspace/Data/Video_Data/Short_Objects_bottom.mkv,35, 1387, 8.08889, 89.948, 0, 259, 5
/home/benjamin/Master_Thesis_Workspace/Data/Video_Data/Short_Objects_bottom.mkv,36, 1412, 8.41977, 90.3325, 0, 261, 5
/home/benjamin/Master_Thesis_Workspace/Data/Video_Data/Short_Objects_bottom.mkv,37, 1452, 8.33552, 90.3402, 0, 234, 5
/home/benjamin/Master_Thesis_Workspace/Data/Video_Data/Short_Objects_bottom.mkv,38, 1499, 8.31998, 89.6657, 0, 231, 5
/home/benjamin/Master_Thesis_Workspace/Data/Video_Data/Short_Objects_bottom.mkv,39, 1510, 9.25004, 88.7195, 0, 231, 5
/home/benjamin/Master_Thesis_Workspace/Data/Video_Data/Short_Objects_bottom.mkv,40, 1540, 8.62395, 90.9566, 0, 231, 5
/home/benjamin/Master_Thesis_Workspace/Data/Video_Data/Short_Objects_bottom.mkv,41, 1525, 7.69214, 87.6368, 0, 270, 5
/home/benjamin/Master_Thesis_Workspace/Data/Video_Data/Short_Objects_bottom.mkv,42, 1471, 8.29132, 88.5279, 0, 234, 5
/home/benjamin/Master_Thesis_Workspace/Data/Video_Data/Short_Objects_bottom.mkv,43, 1469, 8.35522, 87.9898, 0, 227, 5
/home/benjamin/Master_Thesis_Workspace/Data/Video_Data/Short_Objects_bottom.mkv,44, 1546, 8.92923, 89.7712, 0, 222, 5
/home/benjamin/Master_Thesis_Workspace/Data/Video_Data/Short_Objects_bottom.mkv,45, 1448, 8.362, 88.8253, 0, 222, 5
/home/benjamin/Master_Thesis_Workspace/Data/Video_Data/Short_Objects_bottom.mkv,46, 1545, 8.54801, 88.0791, 0, 251, 5
/home/benjamin/Master_Thesis_Workspace/Data/Video_Data/Short_Objects_bottom.mkv,47, 1573, 8.49133, 87.6113, 0, 231, 5
/home/benjamin/Master_Thesis_Workspace/Data/Video_Data/Short_Objects_bottom.mkv,48, 1472, 9.01195, 85.9987, 0, 228, 5
/home/benjamin/Master_Thesis_Workspace/Data/Video_Data/Short_Objects_bottom.mkv,49, 1509, 9.16886, 88.609, 0, 229, 5
/home/benjamin/Master_Thesis_Workspace/Data/Video_Data/Short_Objects_bottom.mkv,0, 1086, 14.3949, 77.543, 0, 208, 7
/home/benjamin/Master_Thesis_Workspace/Data/Video_Data/Short_Objects_bottom.mkv,1, 1047, 13.7644, 78.813, 0, 205, 7
/home/benjamin/Master_Thesis_Workspace/Data/Video_Data/Short_Objects_bottom.mkv,2, 1053, 13.5419, 74.2676, 0, 205, 7
/home/benjamin/Master_Thesis_Workspace/Data/Video_Data/Short_Objects_bottom.mkv,3, 1076, 13.02, 67.699, 0, 205, 7
/home/benjamin/Master_Thesis_Workspace/Data/Video_Data/Short_Objects_bottom.mkv,4, 1076, 11.8967, 74.2017, 0, 205, 7
/home/benjamin/Master_Thesis_Workspace/Data/Video_Data/Short_Objects_bottom.mkv,5, 1183, 14.8155, 67.6025, 1, 209, 7
/home/benjamin/Master_Thesis_Workspace/Data/Video_Data/Short_Objects_bottom.mkv,6, 1063, 10.3385, 75.6464, 0, 211, 7
/home/benjamin/Master_Thesis_Workspace/Data/Video_Data/Short_Objects_bottom.mkv,7, 981, 9.15025, 81.8919, 0, 211, 7
/home/benjamin/Master_Thesis_Workspace/Data/Video_Data/Short_Objects_bottom.mkv,8, 958, 8.58215, 84.7462, 0, 214, 7
/home/benjamin/Master_Thesis_Workspace/Data/Video_Data/Short_Objects_bottom.mkv,9, 933, 8.42131, 83.3741, 0, 219, 7
/home/benjamin/Master_Thesis_Workspace/Data/Video_Data/Short_Objects_bottom.mkv,10, 890, 8.23223, 86.706, 0, 221, 7
/home/benjamin/Master_Thesis_Workspace/Data/Video_Data/Short_Objects_bottom.mkv,11, 890, 7.75538, 86.2348, 0, 225, 7
/home/benjamin/Master_Thesis_Workspace/Data/Video_Data/Short_Objects_bottom.mkv,12, 861, 7.60526, 88.2654, 0, 230, 7
/home/benjamin/Master_Thesis_Workspace/Data/Video_Data/Short_Objects_bottom.mkv,13, 901, 7.69477, 88.2051, 0, 231, 7
/home/benjamin/Master_Thesis_Workspace/Data/Video_Data/Short_Objects_bottom.mkv,14, 896, 7.55777, 89.562, 0, 234, 7
/home/benjamin/Master_Thesis_Workspace/Data/Video_Data/Short_Objects_bottom.mkv,15, 837, 7.49037, 90.2368, 0, 236, 7
/home/benjamin/Master_Thesis_Workspace/Data/Video_Data/Short_Objects_bottom.mkv,16, 862, 7.3687, 90.4129, 0, 238, 7
/home/benjamin/Master_Thesis_Workspace/Data/Video_Data/Short_Objects_bottom.mkv,17, 890, 7.85058, 92.2481, 0, 236, 7
/home/benjamin/Master_Thesis_Workspace/Data/Video_Data/Short_Objects_bottom.mkv,18, 837, 7.59498, 91.3621, 0, 237, 7
/home/benjamin/Master_Thesis_Workspace/Data/Video_Data/Short_Objects_bottom.mkv,19, 860, 7.63283, 91.7534, 0, 237, 7
/home/benjamin/Master_Thesis_Workspace/Data/Video_Data/Short_Objects_bottom.mkv,20, 874, 7.71446, 86.8424, 0, 238, 7
/home/benjamin/Master_Thesis_Workspace/Data/Video_Data/Short_Objects_bottom.mkv,21, 889, 7.24396, 90.5498, 0, 236, 7
/home/benjamin/Master_Thesis_Workspace/Data/Video_Data/Short_Objects_bottom.mkv,22, 912, 7.46696, 92.6628, 0, 237, 7
/home/benjamin/Master_Thesis_Workspace/Data/Video_Data/Short_Objects_bottom.mkv,23, 945, 7.07742, 85.8972, 0, 236, 7
/home/benjamin/Master_Thesis_Workspace/Data/Video_Data/Short_Objects_bottom.mkv,24, 889, 7.33412, 86.1689, 0, 237, 7
/home/benjamin/Master_Thesis_Workspace/Data/Video_Data/Short_Objects_bottom.mkv,25, 917, 7.41772, 91.4599, 0, 262, 7
/home/benjamin/Master_Thesis_Workspace/Data/Video_Data/Short_Objects_bottom.mkv,26, 940, 7.17109, 86.3668, 0, 244, 7
/home/benjamin/Master_Thesis_Workspace/Data/Video_Data/Short_Objects_bottom.mkv,27, 932, 7.52867, 89.0454, 0, 241, 7
/home/benjamin/Master_Thesis_Workspace/Data/Video_Data/Short_Objects_bottom.mkv,28, 973, 7.98582, 86.2468, 0, 240, 7
/home/benjamin/Master_Thesis_Workspace/Data/Video_Data/Short_Objects_bottom.mkv,29, 951, 7.65384, 87.9896, 0, 264, 7
/home/benjamin/Master_Thesis_Workspace/Data/Video_Data/Short_Objects_bottom.mkv,30, 924, 7.83307, 86.5872, 0, 270, 7
/home/benjamin/Master_Thesis_Workspace/Data/Video_Data/Short_Objects_bottom.mkv,31, 933, 7.68623, 91.5679, 0, 248, 7
/home/benjamin/Master_Thesis_Workspace/Data/Video_Data/Short_Objects_bottom.mkv,32, 889, 7.41181, 86.2365, 0, 285, 7
/home/benjamin/Master_Thesis_Workspace/Data/Video_Data/Short_Objects_bottom.mkv,33, 910, 7.68711, 87.5518, 0, 250, 7
/home/benjamin/Master_Thesis_Workspace/Data/Video_Data/Short_Objects_bottom.mkv,34, 983, 7.34638, 84.5441, 0, 243, 7
/home/benjamin/Master_Thesis_Workspace/Data/Video_Data/Short_Objects_bottom.mkv,35, 905, 6.94131, 91.8122, 0, 262, 7
/home/benjamin/Master_Thesis_Workspace/Data/Video_Data/Short_Objects_bottom.mkv,36, 899, 7.41553, 89.0395, 0, 263, 7
/home/benjamin/Master_Thesis_Workspace/Data/Video_Data/Short_Objects_bottom.mkv,37, 939, 7.15555, 87.9185, 0, 240, 7
/home/benjamin/Master_Thesis_Workspace/Data/Video_Data/Short_Objects_bottom.mkv,38, 959, 7.01549, 93.3843, 0, 233, 7
/home/benjamin/Master_Thesis_Workspace/Data/Video_Data/Short_Objects_bottom.mkv,39, 973, 7.97225, 90.0279, 0, 236, 7
/home/benjamin/Master_Thesis_Workspace/Data/Video_Data/Short_Objects_bottom.mkv,40, 949, 7.38161, 91.7671, 0, 233, 7
/home/benjamin/Master_Thesis_Workspace/Data/Video_Data/Short_Objects_bottom.mkv,41, 975, 6.5032, 87.1833, 0, 272, 7
/home/benjamin/Master_Thesis_Workspace/Data/Video_Data/Short_Objects_bottom.mkv,42, 942, 7.28226, 91.1225, 0, 240, 7
/home/benjamin/Master_Thesis_Workspace/Data/Video_Data/Short_Objects_bottom.mkv,43, 958, 7.49694, 90.978, 0, 231, 7
/home/benjamin/Master_Thesis_Workspace/Data/Video_Data/Short_Objects_bottom.mkv,44, 984, 8.02871, 85.6994, 0, 228, 7
/home/benjamin/Master_Thesis_Workspace/Data/Video_Data/Short_Objects_bottom.mkv,45, 936, 7.44682, 92.1192, 0, 226, 7
/home/benjamin/Master_Thesis_Workspace/Data/Video_Data/Short_Objects_bottom.mkv,46, 1075, 7.64049, 90.0744, 0, 251, 7
/home/benjamin/Master_Thesis_Workspace/Data/Video_Data/Short_Objects_bottom.mkv,47, 1039, 7.50088, 90.0909, 0, 235, 7
/home/benjamin/Master_Thesis_Workspace/Data/Video_Data/Short_Objects_bottom.mkv,48, 975, 7.96503, 90.3023, 0, 231, 7
/home/benjamin/Master_Thesis_Workspace/Data/Video_Data/Short_Objects_bottom.mkv,49, 1032, 8.19962, 89.8124, 0, 232, 7
/home/benjamin/Master_Thesis_Workspace/Data/Video_Data/Short_Objects_bottom.mkv,0, 823, 14.0332, 78.8355, 0, 212, 9
/home/benjamin/Master_Thesis_Workspace/Data/Video_Data/Short_Objects_bottom.mkv,1, 734, 13.5277, 79.9905, 0, 204, 9
/home/benjamin/Master_Thesis_Workspace/Data/Video_Data/Short_Objects_bottom.mkv,2, 779, 13.2036, 79.0273, 0, 204, 9
/home/benjamin/Master_Thesis_Workspace/Data/Video_Data/Short_Objects_bottom.mkv,3, 750, 12.6886, 74.9831, 0, 208, 9
/home/benjamin/Master_Thesis_Workspace/Data/Video_Data/Short_Objects_bottom.mkv,4, 774, 11.6428, 75.0652, 0, 208, 9
/home/benjamin/Master_Thesis_Workspace/Data/Video_Data/Short_Objects_bottom.mkv,5, 890, 13.9809, 75.5545, 1, 209, 9
/home/benjamin/Master_Thesis_Workspace/Data/Video_Data/Short_Objects_bottom.mkv,6, 725, 9.86563, 77.0398, 0, 211, 9
/home/benjamin/Master_Thesis_Workspace/Data/Video_Data/Short_Objects_bottom.mkv,7, 677, 8.77079, 84.785, 0, 214, 9
/home/benjamin/Master_Thesis_Workspace/Data/Video_Data/Short_Objects_bottom.mkv,8, 703, 7.98079, 81.1912, 0, 220, 9
/home/benjamin/Master_Thesis_Workspace/Data/Video_Data/Short_Objects_bottom.mkv,9, 659, 7.651, 83.8132, 0, 221, 9
/home/benjamin/Master_Thesis_Workspace/Data/Video_Data/Short_Objects_bottom.mkv,10, 618, 7.51991, 83.7537, 0, 226, 9
/home/benjamin/Master_Thesis_Workspace/Data/Video_Data/Short_Objects_bottom.mkv,11, 633, 7.14351, 86.5466, 0, 230, 9
/home/benjamin/Master_Thesis_Workspace/Data/Video_Data/Short_Objects_bottom.mkv,12, 608, 6.81373, 87.198, 0, 233, 9
/home/benjamin/Master_Thesis_Workspace/Data/Video_Data/Short_Objects_bottom.mkv,13, 637, 6.82511, 88.5429, 0, 235, 9
/home/benjamin/Master_Thesis_Workspace/Data/Video_Data/Short_Objects_bottom.mkv,14, 589, 6.68242, 86.2319, 0, 239, 9
/home/benjamin/Master_Thesis_Workspace/Data/Video_Data/Short_Objects_bottom.mkv,15, 566, 6.98967, 91.2586, 0, 240, 9
/home/benjamin/Master_Thesis_Workspace/Data/Video_Data/Short_Objects_bottom.mkv,16, 596, 6.57891, 92.1717, 0, 242, 9
/home/benjamin/Master_Thesis_Workspace/Data/Video_Data/Short_Objects_bottom.mkv,17, 588, 6.98814, 86.8756, 0, 241, 9
/home/benjamin/Master_Thesis_Workspace/Data/Video_Data/Short_Objects_bottom.mkv,18, 560, 6.82445, 91.4161, 0, 242, 9
/home/benjamin/Master_Thesis_Workspace/Data/Video_Data/Short_Objects_bottom.mkv,19, 610, 6.72422, 88.3984, 0, 242, 9
/home/benjamin/Master_Thesis_Workspace/Data/Video_Data/Short_Objects_bottom.mkv,20, 589, 6.87588, 88.7774, 0, 243, 9
/home/benjamin/Master_Thesis_Workspace/Data/Video_Data/Short_Objects_bottom.mkv,21, 582, 6.4463, 88.7241, 0, 241, 9
/home/benjamin/Master_Thesis_Workspace/Data/Video_Data/Short_Objects_bottom.mkv,22, 607, 6.60364, 91.1191, 0, 241, 9
/home/benjamin/Master_Thesis_Workspace/Data/Video_Data/Short_Objects_bottom.mkv,23, 655, 6.19573, 86.6553, 0, 240, 9
/home/benjamin/Master_Thesis_Workspace/Data/Video_Data/Short_Objects_bottom.mkv,24, 658, 6.58723, 88.5404, 0, 241, 9
/home/benjamin/Master_Thesis_Workspace/Data/Video_Data/Short_Objects_bottom.mkv,25, 629, 6.71, 89.8106, 0, 264, 9
/home/benjamin/Master_Thesis_Workspace/Data/Video_Data/Short_Objects_bottom.mkv,26, 616, 6.27801, 86.9221, 0, 248, 9
/home/benjamin/Master_Thesis_Workspace/Data/Video_Data/Short_Objects_bottom.mkv,27, 645, 6.77915, 91.7818, 0, 244, 9
/home/benjamin/Master_Thesis_Workspace/Data/Video_Data/Short_Objects_bottom.mkv,28, 665, 7.18597, 85.4687, 0, 242, 9
/home/benjamin/Master_Thesis_Workspace/Data/Video_Data/Short_Objects_bottom.mkv,29, 630, 6.95094, 89.0289, 0, 264, 9
/home/benjamin/Master_Thesis_Workspace/Data/Video_Data/Short_Objects_bottom.mkv,30, 654, 6.92161, 87.4982, 0, 269, 9
/home/benjamin/Master_Thesis_Workspace/Data/Video_Data/Short_Objects_bottom.mkv,31, 651, 6.89316, 84.4728, 0, 249, 9
/home/benjamin/Master_Thesis_Workspace/Data/Video_Data/Short_Objects_bottom.mkv,32, 639, 6.61984, 87.4934, 0, 284, 9
/home/benjamin/Master_Thesis_Workspace/Data/Video_Data/Short_Objects_bottom.mkv,33, 670, 6.92139, 85.636, 0, 253, 9
/home/benjamin/Master_Thesis_Workspace/Data/Video_Data/Short_Objects_bottom.mkv,34, 667, 6.49116, 84.2554, 0, 246, 9
/home/benjamin/Master_Thesis_Workspace/Data/Video_Data/Short_Objects_bottom.mkv,35, 595, 6.16356, 92.0857, 0, 263, 9
/home/benjamin/Master_Thesis_Workspace/Data/Video_Data/Short_Objects_bottom.mkv,36, 668, 6.59795, 89.1167, 0, 265, 9
/home/benjamin/Master_Thesis_Workspace/Data/Video_Data/Short_Objects_bottom.mkv,37, 629, 6.25963, 90.8265, 0, 243, 9
/home/benjamin/Master_Thesis_Workspace/Data/Video_Data/Short_Objects_bottom.mkv,38, 675, 6.11476, 93.2573, 0, 238, 9
/home/benjamin/Master_Thesis_Workspace/Data/Video_Data/Short_Objects_bottom.mkv,39, 663, 7.06386, 88.4644, 0, 239, 9
/home/benjamin/Master_Thesis_Workspace/Data/Video_Data/Short_Objects_bottom.mkv,40, 627, 6.46752, 92.7639, 0, 238, 9
/home/benjamin/Master_Thesis_Workspace/Data/Video_Data/Short_Objects_bottom.mkv,41, 695, 5.84515, 89.6023, 0, 272, 9
/home/benjamin/Master_Thesis_Workspace/Data/Video_Data/Short_Objects_bottom.mkv,42, 655, 6.51654, 91.1832, 0, 243, 9
/home/benjamin/Master_Thesis_Workspace/Data/Video_Data/Short_Objects_bottom.mkv,43, 635, 6.79556, 91.297, 0, 235, 9
/home/benjamin/Master_Thesis_Workspace/Data/Video_Data/Short_Objects_bottom.mkv,44, 736, 7.16124, 91.1718, 0, 231, 9
/home/benjamin/Master_Thesis_Workspace/Data/Video_Data/Short_Objects_bottom.mkv,45, 641, 6.80935, 92.9865, 0, 229, 9
/home/benjamin/Master_Thesis_Workspace/Data/Video_Data/Short_Objects_bottom.mkv,46, 733, 6.89251, 90.3869, 0, 255, 9
/home/benjamin/Master_Thesis_Workspace/Data/Video_Data/Short_Objects_bottom.mkv,47, 721, 6.78178, 91.7934, 0, 239, 9
/home/benjamin/Master_Thesis_Workspace/Data/Video_Data/Short_Objects_bottom.mkv,48, 679, 7.30261, 91.4667, 0, 236, 9
/home/benjamin/Master_Thesis_Workspace/Data/Video_Data/Short_Objects_bottom.mkv,49, 687, 7.48096, 91.4928, 0, 236, 9
/home/benjamin/Master_Thesis_Workspace/Data/Video_Data/Short_Objects_bottom.mkv,0, 675, 13.4924, 85.2819, 0, 218, 11
/home/benjamin/Master_Thesis_Workspace/Data/Video_Data/Short_Objects_bottom.mkv,1, 554, 13.3613, 85.5019, 0, 210, 11
/home/benjamin/Master_Thesis_Workspace/Data/Video_Data/Short_Objects_bottom.mkv,2, 587, 12.8983, 80.5569, 0, 208, 11
/home/benjamin/Master_Thesis_Workspace/Data/Video_Data/Short_Objects_bottom.mkv,3, 538, 12.4969, 75.6431, 0, 209, 11
/home/benjamin/Master_Thesis_Workspace/Data/Video_Data/Short_Objects_bottom.mkv,4, 585, 11.3277, 72.3713, 0, 210, 11
/home/benjamin/Master_Thesis_Workspace/Data/Video_Data/Short_Objects_bottom.mkv,5, 642, 14.4004, 76.8139, 1, 213, 11
/home/benjamin/Master_Thesis_Workspace/Data/Video_Data/Short_Objects_bottom.mkv,6, 550, 9.56036, 77.1937, 0, 216, 11
/home/benjamin/Master_Thesis_Workspace/Data/Video_Data/Short_Objects_bottom.mkv,7, 481, 8.48258, 79.7499, 0, 218, 11
/home/benjamin/Master_Thesis_Workspace/Data/Video_Data/Short_Objects_bottom.mkv,8, 499, 7.63699, 81.3222, 0, 221, 11
/home/benjamin/Master_Thesis_Workspace/Data/Video_Data/Short_Objects_bottom.mkv,9, 522, 7.31027, 85.0224, 0, 222, 11
/home/benjamin/Master_Thesis_Workspace/Data/Video_Data/Short_Objects_bottom.mkv,10, 437, 7.06605, 88.0835, 0, 229, 11
/home/benjamin/Master_Thesis_Workspace/Data/Video_Data/Short_Objects_bottom.mkv,11, 487, 6.70299, 86.8517, 0, 232, 11
/home/benjamin/Master_Thesis_Workspace/Data/Video_Data/Short_Objects_bottom.mkv,12, 467, 6.39509, 89.2195, 0, 236, 11
/home/benjamin/Master_Thesis_Workspace/Data/Video_Data/Short_Objects_bottom.mkv,13, 454, 6.52967, 86.4902, 0, 236, 11
/home/benjamin/Master_Thesis_Workspace/Data/Video_Data/Short_Objects_bottom.mkv,14, 456, 6.4382, 90.922, 0, 239, 11
/home/benjamin/Master_Thesis_Workspace/Data/Video_Data/Short_Objects_bottom.mkv,15, 402, 6.65748, 91.9741, 0, 241, 11
/home/benjamin/Master_Thesis_Workspace/Data/Video_Data/Short_Objects_bottom.mkv,16, 429, 6.07909, 92.8291, 0, 244, 11
/home/benjamin/Master_Thesis_Workspace/Data/Video_Data/Short_Objects_bottom.mkv,17, 429, 6.3487, 86.9772, 0, 243, 11
/home/benjamin/Master_Thesis_Workspace/Data/Video_Data/Short_Objects_bottom.mkv,18, 425, 6.24212, 91.6918, 0, 244, 11
/home/benjamin/Master_Thesis_Workspace/Data/Video_Data/Short_Objects_bottom.mkv,19, 421, 6.21783, 88.2447, 0, 244, 11
/home/benjamin/Master_Thesis_Workspace/Data/Video_Data/Short_Objects_bottom.mkv,20, 445, 6.40822, 87.3872, 0, 244, 11
/home/benjamin/Master_Thesis_Workspace/Data/Video_Data/Short_Objects_bottom.mkv,21, 449, 5.83224, 88.0689, 0, 243, 11
/home/benjamin/Master_Thesis_Workspace/Data/Video_Data/Short_Objects_bottom.mkv,22, 447, 6.1559, 91.6745, 0, 244, 11
/home/benjamin/Master_Thesis_Workspace/Data/Video_Data/Short_Objects_bottom.mkv,23, 487, 5.62675, 87.7708, 0, 244, 11
/home/benjamin/Master_Thesis_Workspace/Data/Video_Data/Short_Objects_bottom.mkv,24, 472, 6.09309, 86.9995, 0, 244, 11
/home/benjamin/Master_Thesis_Workspace/Data/Video_Data/Short_Objects_bottom.mkv,25, 484, 6.43776, 90.0407, 0, 267, 11
/home/benjamin/Master_Thesis_Workspace/Data/Video_Data/Short_Objects_bottom.mkv,26, 470, 5.85565, 87.1803, 0, 250, 11
/home/benjamin/Master_Thesis_Workspace/Data/Video_Data/Short_Objects_bottom.mkv,27, 470, 6.33053, 89.8272, 0, 249, 11
/home/benjamin/Master_Thesis_Workspace/Data/Video_Data/Short_Objects_bottom.mkv,28, 491, 6.74567, 85.0181, 0, 244, 11
/home/benjamin/Master_Thesis_Workspace/Data/Video_Data/Short_Objects_bottom.mkv,29, 477, 6.34082, 87.4184, 0, 269, 11
/home/benjamin/Master_Thesis_Workspace/Data/Video_Data/Short_Objects_bottom.mkv,30, 463, 6.41085, 88.3013, 0, 274, 11
/home/benjamin/Master_Thesis_Workspace/Data/Video_Data/Short_Objects_bottom.mkv,31, 484, 6.42354, 88.7768, 0, 254, 11
/home/benjamin/Master_Thesis_Workspace/Data/Video_Data/Short_Objects_bottom.mkv,32, 470, 6.03948, 91.7987, 0, 284, 11
/home/benjamin/Master_Thesis_Workspace/Data/Video_Data/Short_Objects_bottom.mkv,33, 490, 6.41741, 89.0414, 0, 259, 11
/home/benjamin/Master_Thesis_Workspace/Data/Video_Data/Short_Objects_bottom.mkv,34, 517, 5.99571, 84.8212, 0, 250, 11
/home/benjamin/Master_Thesis_Workspace/Data/Video_Data/Short_Objects_bottom.mkv,35, 462, 5.64294, 87.3779, 0, 266, 11
/home/benjamin/Master_Thesis_Workspace/Data/Video_Data/Short_Objects_bottom.mkv,36, 479, 6.22768, 93.5448, 0, 265, 11
/home/benjamin/Master_Thesis_Workspace/Data/Video_Data/Short_Objects_bottom.mkv,37, 440, 5.77884, 91.111, 0, 248, 11
/home/benjamin/Master_Thesis_Workspace/Data/Video_Data/Short_Objects_bottom.mkv,38, 496, 5.48079, 94.2224, 0, 243, 11
/home/benjamin/Master_Thesis_Workspace/Data/Video_Data/Short_Objects_bottom.mkv,39, 494, 6.45155, 92.1704, 0, 243, 11
/home/benjamin/Master_Thesis_Workspace/Data/Video_Data/Short_Objects_bottom.mkv,40, 464, 5.89133, 93.0637, 0, 243, 11
/home/benjamin/Master_Thesis_Workspace/Data/Video_Data/Short_Objects_bottom.mkv,41, 514, 5.46043, 89.67, 0, 274, 11
/home/benjamin/Master_Thesis_Workspace/Data/Video_Data/Short_Objects_bottom.mkv,42, 519, 5.93115, 93.7859, 0, 248, 11
/home/benjamin/Master_Thesis_Workspace/Data/Video_Data/Short_Objects_bottom.mkv,43, 491, 6.19792, 86.1811, 0, 240, 11
/home/benjamin/Master_Thesis_Workspace/Data/Video_Data/Short_Objects_bottom.mkv,44, 511, 6.51961, 91.4287, 0, 235, 11
/home/benjamin/Master_Thesis_Workspace/Data/Video_Data/Short_Objects_bottom.mkv,45, 470, 6.31434, 91.4025, 0, 232, 11
/home/benjamin/Master_Thesis_Workspace/Data/Video_Data/Short_Objects_bottom.mkv,46, 527, 6.31171, 91.7604, 0, 257, 11
/home/benjamin/Master_Thesis_Workspace/Data/Video_Data/Short_Objects_bottom.mkv,47, 521, 6.18501, 92.6272, 0, 243, 11
/home/benjamin/Master_Thesis_Workspace/Data/Video_Data/Short_Objects_bottom.mkv,48, 504, 6.75617, 89.9798, 0, 241, 11
/home/benjamin/Master_Thesis_Workspace/Data/Video_Data/Short_Objects_bottom.mkv,49, 530, 6.77237, 92.0129, 0, 240, 11
/home/benjamin/Master_Thesis_Workspace/Data/Video_Data/Short_Objects_bottom.mkv,0, 199, 26.6448, 79.2093, 0, 220, 13
/home/benjamin/Master_Thesis_Workspace/Data/Video_Data/Short_Objects_bottom.mkv,1, 196, 26.7085, 81.3745, 0, 213, 13
/home/benjamin/Master_Thesis_Workspace/Data/Video_Data/Short_Objects_bottom.mkv,2, 207, 25.7834, 80.18, 0, 212, 13
/home/benjamin/Master_Thesis_Workspace/Data/Video_Data/Short_Objects_bottom.mkv,3, 197, 26.4393, 82.3158, 0, 212, 13
/home/benjamin/Master_Thesis_Workspace/Data/Video_Data/Short_Objects_bottom.mkv,4, 190, 26.7531, 80.0103, 0, 212, 13
/home/benjamin/Master_Thesis_Workspace/Data/Video_Data/Short_Objects_bottom.mkv,5, 204, 30.9911, 75.623, 1, 216, 13
/home/benjamin/Master_Thesis_Workspace/Data/Video_Data/Short_Objects_bottom.mkv,6, 201, 22.8954, 82.2045, 0, 217, 13
/home/benjamin/Master_Thesis_Workspace/Data/Video_Data/Short_Objects_bottom.mkv,7, 242, 19.5177, 81.9665, 0, 219, 13
/home/benjamin/Master_Thesis_Workspace/Data/Video_Data/Short_Objects_bottom.mkv,8, 218, 20.1387, 83.3559, 0, 224, 13
/home/benjamin/Master_Thesis_Workspace/Data/Video_Data/Short_Objects_bottom.mkv,9, 212, 18.5408, 83.627, 0, 228, 13
/home/benjamin/Master_Thesis_Workspace/Data/Video_Data/Short_Objects_bottom.mkv,10, 225, 18.2458, 84.4896, 0, 231, 13
/home/benjamin/Master_Thesis_Workspace/Data/Video_Data/Short_Objects_bottom.mkv,11, 242, 16.8026, 83.8637, 0, 235, 13
/home/benjamin/Master_Thesis_Workspace/Data/Video_Data/Short_Objects_bottom.mkv,12, 235, 16.8833, 83.9924, 0, 240, 13
/home/benjamin/Master_Thesis_Workspace/Data/Video_Data/Short_Objects_bottom.mkv,13, 269, 16.8231, 85.482, 0, 241, 13
/home/benjamin/Master_Thesis_Workspace/Data/Video_Data/Short_Objects_bottom.mkv,14, 237, 16.9934, 85.1857, 0, 243, 13
/home/benjamin/Master_Thesis_Workspace/Data/Video_Data/Short_Objects_bottom.mkv,15, 216, 16.6995, 85.9354, 0, 243, 13
/home/benjamin/Master_Thesis_Workspace/Data/Video_Data/Short_Objects_bottom.mkv,16, 209, 16.1369, 85.9968, 0, 246, 13
/home/benjamin/Master_Thesis_Workspace/Data/Video_Data/Short_Objects_bottom.mkv,17, 223, 16.3992, 84.3456, 0, 246, 13
/home/benjamin/Master_Thesis_Workspace/Data/Video_Data/Short_Objects_bottom.mkv,18, 228, 15.2504, 84.2947, 0, 246, 13
/home/benjamin/Master_Thesis_Workspace/Data/Video_Data/Short_Objects_bottom.mkv,19, 213, 16.1104, 85.5528, 0, 245, 13
/home/benjamin/Master_Thesis_Workspace/Data/Video_Data/Short_Objects_bottom.mkv,20, 215, 16.424, 85.6011, 0, 246, 13
/home/benjamin/Master_Thesis_Workspace/Data/Video_Data/Short_Objects_bottom.mkv,21, 254, 15.1963, 85.3999, 0, 243, 13
/home/benjamin/Master_Thesis_Workspace/Data/Video_Data/Short_Objects_bottom.mkv,22, 238, 16.2049, 85.8991, 0, 244, 13
/home/benjamin/Master_Thesis_Workspace/Data/Video_Data/Short_Objects_bottom.mkv,23, 245, 15.2414, 85.4422, 0, 243, 13
/home/benjamin/Master_Thesis_Workspace/Data/Video_Data/Short_Objects_bottom.mkv,24, 275, 15.0803, 83.332, 0, 244, 13
/home/benjamin/Master_Thesis_Workspace/Data/Video_Data/Short_Objects_bottom.mkv,25, 262, 15.6272, 84.834, 0, 267, 13
/home/benjamin/Master_Thesis_Workspace/Data/Video_Data/Short_Objects_bottom.mkv,26, 259, 14.8578, 84.31, 0, 251, 13
/home/benjamin/Master_Thesis_Workspace/Data/Video_Data/Short_Objects_bottom.mkv,27, 259, 15.0626, 84.2294, 0, 248, 13
/home/benjamin/Master_Thesis_Workspace/Data/Video_Data/Short_Objects_bottom.mkv,28, 252, 16.4693, 84.4894, 0, 247, 13
/home/benjamin/Master_Thesis_Workspace/Data/Video_Data/Short_Objects_bottom.mkv,29, 256, 15.9303, 83.4152, 0, 267, 13
/home/benjamin/Master_Thesis_Workspace/Data/Video_Data/Short_Objects_bottom.mkv,30, 263, 15.8959, 83.6279, 0, 274, 13
/home/benjamin/Master_Thesis_Workspace/Data/Video_Data/Short_Objects_bottom.mkv,31, 286, 15.2648, 83.1041, 0, 255, 13
/home/benjamin/Master_Thesis_Workspace/Data/Video_Data/Short_Objects_bottom.mkv,32, 269, 15.5478, 82.9772, 0, 286, 13
/home/benjamin/Master_Thesis_Workspace/Data/Video_Data/Short_Objects_bottom.mkv,33, 246, 15.9624, 83.5941, 0, 261, 13
/home/benjamin/Master_Thesis_Workspace/Data/Video_Data/Short_Objects_bottom.mkv,34, 258, 16.1143, 83.8398, 0, 252, 13
/home/benjamin/Master_Thesis_Workspace/Data/Video_Data/Short_Objects_bottom.mkv,35, 231, 16.2021, 86.2721, 0, 266, 13
/home/benjamin/Master_Thesis_Workspace/Data/Video_Data/Short_Objects_bottom.mkv,36, 228, 17.4759, 87.2367, 0, 267, 13
/home/benjamin/Master_Thesis_Workspace/Data/Video_Data/Short_Objects_bottom.mkv,37, 207, 16.6513, 86.789, 0, 249, 13
/home/benjamin/Master_Thesis_Workspace/Data/Video_Data/Short_Objects_bottom.mkv,38, 236, 16.0056, 87.3862, 0, 243, 13
/home/benjamin/Master_Thesis_Workspace/Data/Video_Data/Short_Objects_bottom.mkv,39, 245, 17.9005, 87.6777, 0, 246, 13
/home/benjamin/Master_Thesis_Workspace/Data/Video_Data/Short_Objects_bottom.mkv,40, 226, 16.4476, 86.6466, 0, 243, 13
/home/benjamin/Master_Thesis_Workspace/Data/Video_Data/Short_Objects_bottom.mkv,41, 235, 15.2237, 84.444, 0, 276, 13
/home/benjamin/Master_Thesis_Workspace/Data/Video_Data/Short_Objects_bottom.mkv,42, 232, 15.353, 82.5675, 0, 249, 13
/home/benjamin/Master_Thesis_Workspace/Data/Video_Data/Short_Objects_bottom.mkv,43, 250, 15.7793, 82.4293, 0, 242, 13
/home/benjamin/Master_Thesis_Workspace/Data/Video_Data/Short_Objects_bottom.mkv,44, 234, 17.1118, 81.7601, 0, 237, 13
/home/benjamin/Master_Thesis_Workspace/Data/Video_Data/Short_Objects_bottom.mkv,45, 257, 15.5664, 80.9079, 0, 236, 13
/home/benjamin/Master_Thesis_Workspace/Data/Video_Data/Short_Objects_bottom.mkv,46, 242, 16.3634, 86.7775, 0, 257, 13
/home/benjamin/Master_Thesis_Workspace/Data/Video_Data/Short_Objects_bottom.mkv,47, 257, 15.9134, 87.5621, 0, 247, 13
/home/benjamin/Master_Thesis_Workspace/Data/Video_Data/Short_Objects_bottom.mkv,48, 234, 15.8235, 88.4303, 0, 242, 13
/home/benjamin/Master_Thesis_Workspace/Data/Video_Data/Short_Objects_bottom.mkv,49, 235, 16.6413, 88.7092, 0, 242, 13
/home/benjamin/Master_Thesis_Workspace/Data/Video_Data/Short_Objects_bottom.mkv,0, 137, 63.6134, 72.3393, 0.5, 224, 15
/home/benjamin/Master_Thesis_Workspace/Data/Video_Data/Short_Objects_bottom.mkv,1, 140, 62.5832, 74.4543, 0.5, 215, 15
/home/benjamin/Master_Thesis_Workspace/Data/Video_Data/Short_Objects_bottom.mkv,2, 155, 62.1661, 77.1517, 0.5, 214, 15
/home/benjamin/Master_Thesis_Workspace/Data/Video_Data/Short_Objects_bottom.mkv,3, 145, 65.4221, 67.3918, 0.5, 210, 15
/home/benjamin/Master_Thesis_Workspace/Data/Video_Data/Short_Objects_bottom.mkv,4, 117, 66.2629, 53.3855, 0.5, 214, 15
/home/benjamin/Master_Thesis_Workspace/Data/Video_Data/Short_Objects_bottom.mkv,5, 92, 69.87, 64.1885, 1, 215, 15
/home/benjamin/Master_Thesis_Workspace/Data/Video_Data/Short_Objects_bottom.mkv,6, 155, 62.2304, 81.6808, 0.5, 218, 15
/home/benjamin/Master_Thesis_Workspace/Data/Video_Data/Short_Objects_bottom.mkv,7, 196, 57.6473, 86.4986, 0.5, 219, 15
/home/benjamin/Master_Thesis_Workspace/Data/Video_Data/Short_Objects_bottom.mkv,8, 185, 57.8057, 78.102, 0.5, 224, 15
/home/benjamin/Master_Thesis_Workspace/Data/Video_Data/Short_Objects_bottom.mkv,9, 185, 55.2681, 82.9589, 0.5, 226, 15
/home/benjamin/Master_Thesis_Workspace/Data/Video_Data/Short_Objects_bottom.mkv,10, 200, 51.7236, 87.273, 0.5, 228, 15
/home/benjamin/Master_Thesis_Workspace/Data/Video_Data/Short_Objects_bottom.mkv,11, 206, 47.0643, 86.6883, 0.5, 230, 15
/home/benjamin/Master_Thesis_Workspace/Data/Video_Data/Short_Objects_bottom.mkv,12, 227, 47.0078, 85.8379, 0.5, 236, 15
/home/benjamin/Master_Thesis_Workspace/Data/Video_Data/Short_Objects_bottom.mkv,13, 209, 46.1196, 87.5223, 0.5, 238, 15
/home/benjamin/Master_Thesis_Workspace/Data/Video_Data/Short_Objects_bottom.mkv,14, 200, 46.1115, 85.8245, 0.5, 240, 15
/home/benjamin/Master_Thesis_Workspace/Data/Video_Data/Short_Objects_bottom.mkv,15, 199, 42.8285, 84.1109, 0.5, 241, 15
/home/benjamin/Master_Thesis_Workspace/Data/Video_Data/Short_Objects_bottom.mkv,16, 189, 42.1426, 85.3035, 0.5, 244, 15
/home/benjamin/Master_Thesis_Workspace/Data/Video_Data/Short_Objects_bottom.mkv,17, 229, 41.2546, 84.7855, 0.5, 242, 15
/home/benjamin/Master_Thesis_Workspace/Data/Video_Data/Short_Objects_bottom.mkv,18, 215, 40.2755, 84.9808, 0.5, 245, 15
/home/benjamin/Master_Thesis_Workspace/Data/Video_Data/Short_Objects_bottom.mkv,19, 224, 40.1422, 86.4711, 0.5, 242, 15
/home/benjamin/Master_Thesis_Workspace/Data/Video_Data/Short_Objects_bottom.mkv,20, 225, 39.9729, 85.1554, 0.5, 244, 15
/home/benjamin/Master_Thesis_Workspace/Data/Video_Data/Short_Objects_bottom.mkv,21, 238, 37.8705, 85.8095, 0.5, 242, 15
/home/benjamin/Master_Thesis_Workspace/Data/Video_Data/Short_Objects_bottom.mkv,22, 222, 37.3805, 85.4351, 0.5, 241, 15
/home/benjamin/Master_Thesis_Workspace/Data/Video_Data/Short_Objects_bottom.mkv,23, 235, 38.6675, 85.4337, 0.5, 241, 15
/home/benjamin/Master_Thesis_Workspace/Data/Video_Data/Short_Objects_bottom.mkv,24, 228, 37.7768, 83.8504, 0.5, 242, 15
/home/benjamin/Master_Thesis_Workspace/Data/Video_Data/Short_Objects_bottom.mkv,25, 235, 37.7313, 88.2479, 0.5, 265, 15
/home/benjamin/Master_Thesis_Workspace/Data/Video_Data/Short_Objects_bottom.mkv,26, 232, 37.8935, 84.4079, 0.5, 251, 15
/home/benjamin/Master_Thesis_Workspace/Data/Video_Data/Short_Objects_bottom.mkv,27, 223, 37.567, 85.7892, 0.5, 249, 15
/home/benjamin/Master_Thesis_Workspace/Data/Video_Data/Short_Objects_bottom.mkv,28, 222, 39.649, 87.8869, 0.5, 247, 15
/home/benjamin/Master_Thesis_Workspace/Data/Video_Data/Short_Objects_bottom.mkv,29, 185, 39.6236, 83.5485, 0.5, 266, 15
/home/benjamin/Master_Thesis_Workspace/Data/Video_Data/Short_Objects_bottom.mkv,30, 239, 39.8553, 83.4823, 0.5, 279, 15
/home/benjamin/Master_Thesis_Workspace/Data/Video_Data/Short_Objects_bottom.mkv,31, 236, 38.915, 83.1891, 0.5, 254, 15
/home/benjamin/Master_Thesis_Workspace/Data/Video_Data/Short_Objects_bottom.mkv,32, 216, 39.8317, 86.8133, 0.5, 284, 15
/home/benjamin/Master_Thesis_Workspace/Data/Video_Data/Short_Objects_bottom.mkv,33, 197, 40.6438, 84.5711, 0.5, 259, 15
/home/benjamin/Master_Thesis_Workspace/Data/Video_Data/Short_Objects_bottom.mkv,34, 213, 40.9259, 84.5191, 0.5, 251, 15
/home/benjamin/Master_Thesis_Workspace/Data/Video_Data/Short_Objects_bottom.mkv,35, 205, 41.2447, 86.4182, 0.5, 265, 15
/home/benjamin/Master_Thesis_Workspace/Data/Video_Data/Short_Objects_bottom.mkv,36, 196, 42.8742, 85.8065, 0.5, 266, 15
/home/benjamin/Master_Thesis_Workspace/Data/Video_Data/Short_Objects_bottom.mkv,37, 202, 41.803, 84.5078, 0.5, 249, 15
/home/benjamin/Master_Thesis_Workspace/Data/Video_Data/Short_Objects_bottom.mkv,38, 213, 41.3434, 84.9161, 0.5, 242, 15
/home/benjamin/Master_Thesis_Workspace/Data/Video_Data/Short_Objects_bottom.mkv,39, 192, 43.5592, 87.4106, 0.5, 242, 15
/home/benjamin/Master_Thesis_Workspace/Data/Video_Data/Short_Objects_bottom.mkv,40, 202, 39.3507, 85.5841, 0.5, 241, 15
/home/benjamin/Master_Thesis_Workspace/Data/Video_Data/Short_Objects_bottom.mkv,41, 207, 38.2132, 85.6161, 0.5, 274, 15
/home/benjamin/Master_Thesis_Workspace/Data/Video_Data/Short_Objects_bottom.mkv,42, 211, 37.3553, 87.6194, 0.5, 250, 15
/home/benjamin/Master_Thesis_Workspace/Data/Video_Data/Short_Objects_bottom.mkv,43, 213, 38.153, 83.1272, 0.5, 241, 15
/home/benjamin/Master_Thesis_Workspace/Data/Video_Data/Short_Objects_bottom.mkv,44, 206, 39.5739, 89.1992, 0.5, 237, 15
/home/benjamin/Master_Thesis_Workspace/Data/Video_Data/Short_Objects_bottom.mkv,45, 188, 38.787, 87.7485, 0.5, 234, 15
/home/benjamin/Master_Thesis_Workspace/Data/Video_Data/Short_Objects_bottom.mkv,46, 181, 41.5896, 80.1315, 0.5, 257, 15
/home/benjamin/Master_Thesis_Workspace/Data/Video_Data/Short_Objects_bottom.mkv,47, 209, 41.4034, 78.2874, 0.5, 244, 15
/home/benjamin/Master_Thesis_Workspace/Data/Video_Data/Short_Objects_bottom.mkv,48, 179, 41.9249, 75.2025, 0.5, 240, 15
/home/benjamin/Master_Thesis_Workspace/Data/Video_Data/Short_Objects_bottom.mkv,49, 201, 43.1847, 82.509, 0.5, 240, 15
/home/benjamin/Master_Thesis_Workspace/Data/Video_Data/Short_Objects_bottom.mkv,0, 42, 82.6403, 0, 1, 218, 17
/home/benjamin/Master_Thesis_Workspace/Data/Video_Data/Short_Objects_bottom.mkv,1, 61, 82.8256, 0, 1, 214, 17
/home/benjamin/Master_Thesis_Workspace/Data/Video_Data/Short_Objects_bottom.mkv,2, 54, 81.8098, 0, 1, 213, 17
/home/benjamin/Master_Thesis_Workspace/Data/Video_Data/Short_Objects_bottom.mkv,3, 58, 82.9086, 31.0213, 1, 210, 17
/home/benjamin/Master_Thesis_Workspace/Data/Video_Data/Short_Objects_bottom.mkv,4, 72, 78.9494, 32.6725, 1, 213, 17
/home/benjamin/Master_Thesis_Workspace/Data/Video_Data/Short_Objects_bottom.mkv,5, 27, 79.9293, 8.15859, 1, 214, 17
/home/benjamin/Master_Thesis_Workspace/Data/Video_Data/Short_Objects_bottom.mkv,6, 29, 79.5205, 0, 1, 217, 17
/home/benjamin/Master_Thesis_Workspace/Data/Video_Data/Short_Objects_bottom.mkv,7, 34, 80.5574, 0, 1, 218, 17
/home/benjamin/Master_Thesis_Workspace/Data/Video_Data/Short_Objects_bottom.mkv,8, 11, 82.6479, 0, 1, 225, 17
/home/benjamin/Master_Thesis_Workspace/Data/Video_Data/Short_Objects_bottom.mkv,9, 15, 83.8706, 0, 1, 225, 17
/home/benjamin/Master_Thesis_Workspace/Data/Video_Data/Short_Objects_bottom.mkv,10, 15, 83.7218, 0, 1, 227, 17
/home/benjamin/Master_Thesis_Workspace/Data/Video_Data/Short_Objects_bottom.mkv,11, 26, 82.8274, 0, 1, 231, 17
/home/benjamin/Master_Thesis_Workspace/Data/Video_Data/Short_Objects_bottom.mkv,12, 20, 83.2548, 0, 1, 236, 17
/home/benjamin/Master_Thesis_Workspace/Data/Video_Data/Short_Objects_bottom.mkv,13, 22, 83.7156, 0, 1, 236, 17
/home/benjamin/Master_Thesis_Workspace/Data/Video_Data/Short_Objects_bottom.mkv,14, 23, 84.0899, 0, 1, 239, 17
/home/benjamin/Master_Thesis_Workspace/Data/Video_Data/Short_Objects_bottom.mkv,15, 41, 82.6823, 0, 1, 239, 17
/home/benjamin/Master_Thesis_Workspace/Data/Video_Data/Short_Objects_bottom.mkv,16, 29, 81.9709, 0, 1, 242, 17
/home/benjamin/Master_Thesis_Workspace/Data/Video_Data/Short_Objects_bottom.mkv,17, 26, 80.8594, 0, 1, 241, 17
/home/benjamin/Master_Thesis_Workspace/Data/Video_Data/Short_Objects_bottom.mkv,18, 50, 78.2121, 0, 1, 240, 17
/home/benjamin/Master_Thesis_Workspace/Data/Video_Data/Short_Objects_bottom.mkv,19, 40, 79.7875, 0, 1, 240, 17
/home/benjamin/Master_Thesis_Workspace/Data/Video_Data/Short_Objects_bottom.mkv,20, 51, 79.1496, 0, 1, 242, 17
/home/benjamin/Master_Thesis_Workspace/Data/Video_Data/Short_Objects_bottom.mkv,21, 61, 77.8164, 0, 1, 240, 17
/home/benjamin/Master_Thesis_Workspace/Data/Video_Data/Short_Objects_bottom.mkv,22, 61, 75.5193, 0, 1, 239, 17
/home/benjamin/Master_Thesis_Workspace/Data/Video_Data/Short_Objects_bottom.mkv,23, 45, 76.731, 0, 1, 240, 17
/home/benjamin/Master_Thesis_Workspace/Data/Video_Data/Short_Objects_bottom.mkv,24, 65, 76.5382, 25.361, 1, 240, 17
/home/benjamin/Master_Thesis_Workspace/Data/Video_Data/Short_Objects_bottom.mkv,25, 62, 75.6791, 22.5043, 1, 262, 17
/home/benjamin/Master_Thesis_Workspace/Data/Video_Data/Short_Objects_bottom.mkv,26, 61, 77.0245, 0, 1, 250, 17
/home/benjamin/Master_Thesis_Workspace/Data/Video_Data/Short_Objects_bottom.mkv,27, 64, 75.5442, 20.5193, 1, 248, 17
/home/benjamin/Master_Thesis_Workspace/Data/Video_Data/Short_Objects_bottom.mkv,28, 51, 77.6521, 0, 1, 244, 17
/home/benjamin/Master_Thesis_Workspace/Data/Video_Data/Short_Objects_bottom.mkv,29, 48, 78.2189, 0, 1, 264, 17
/home/benjamin/Master_Thesis_Workspace/Data/Video_Data/Short_Objects_bottom.mkv,30, 42, 79.1973, 0, 1, 269, 17
/home/benjamin/Master_Thesis_Workspace/Data/Video_Data/Short_Objects_bottom.mkv,31, 38, 77.8007, 0, 1, 253, 17
/home/benjamin/Master_Thesis_Workspace/Data/Video_Data/Short_Objects_bottom.mkv,32, 46, 78.8235, 0, 1, 280, 17
/home/benjamin/Master_Thesis_Workspace/Data/Video_Data/Short_Objects_bottom.mkv,33, 38, 79.531, 0, 1, 258, 17
/home/benjamin/Master_Thesis_Workspace/Data/Video_Data/Short_Objects_bottom.mkv,34, 34, 80.2884, 0, 1, 249, 17
/home/benjamin/Master_Thesis_Workspace/Data/Video_Data/Short_Objects_bottom.mkv,35, 23, 80.6285, 0, 1, 262, 17
/home/benjamin/Master_Thesis_Workspace/Data/Video_Data/Short_Objects_bottom.mkv,36, 33, 79.8422, 0, 1, 262, 17
/home/benjamin/Master_Thesis_Workspace/Data/Video_Data/Short_Objects_bottom.mkv,37, 36, 79.1225, 0, 1, 246, 17
/home/benjamin/Master_Thesis_Workspace/Data/Video_Data/Short_Objects_bottom.mkv,38, 41, 77.4298, 0, 1, 240, 17
/home/benjamin/Master_Thesis_Workspace/Data/Video_Data/Short_Objects_bottom.mkv,39, 31, 80.3188, 0, 1, 239, 17
/home/benjamin/Master_Thesis_Workspace/Data/Video_Data/Short_Objects_bottom.mkv,40, 47, 77.3475, 0, 1, 243, 17
/home/benjamin/Master_Thesis_Workspace/Data/Video_Data/Short_Objects_bottom.mkv,41, 57, 74.3194, 0, 1, 269, 17
/home/benjamin/Master_Thesis_Workspace/Data/Video_Data/Short_Objects_bottom.mkv,42, 58, 73.5892, 0, 1, 246, 17
/home/benjamin/Master_Thesis_Workspace/Data/Video_Data/Short_Objects_bottom.mkv,43, 53, 75.3727, 0, 1, 239, 17
/home/benjamin/Master_Thesis_Workspace/Data/Video_Data/Short_Objects_bottom.mkv,44, 40, 77.1597, 0, 1, 233, 17
/home/benjamin/Master_Thesis_Workspace/Data/Video_Data/Short_Objects_bottom.mkv,45, 31, 76.0563, 0, 1, 231, 17
/home/benjamin/Master_Thesis_Workspace/Data/Video_Data/Short_Objects_bottom.mkv,46, 46, 78.6839, 0, 1, 254, 17
/home/benjamin/Master_Thesis_Workspace/Data/Video_Data/Short_Objects_bottom.mkv,47, 48, 78.5106, 0, 1, 244, 17
/home/benjamin/Master_Thesis_Workspace/Data/Video_Data/Short_Objects_bottom.mkv,48, 42, 80.5705, 0, 1, 239, 17
/home/benjamin/Master_Thesis_Workspace/Data/Video_Data/Short_Objects_bottom.mkv,49, 41, 82.2282, 0, 1, 238, 17
