Video, Frame ID, hole count, invalid_percentage, speckle_percentage, incomplete, time_spent_ms,  number_of_disparities
/home/benjamin/Master_Thesis_Workspace/Data/Video_Data/Short_Objects_bottom.mkv,0, 2678, 10.988, 99.6086, 1, 140, 16
/home/benjamin/Master_Thesis_Workspace/Data/Video_Data/Short_Objects_bottom.mkv,1, 2731, 11.4226, 99.5686, 1, 119, 16
/home/benjamin/Master_Thesis_Workspace/Data/Video_Data/Short_Objects_bottom.mkv,2, 2675, 11.6188, 99.6835, 1, 115, 16
/home/benjamin/Master_Thesis_Workspace/Data/Video_Data/Short_Objects_bottom.mkv,3, 2693, 12.2571, 99.6134, 1, 115, 16
/home/benjamin/Master_Thesis_Workspace/Data/Video_Data/Short_Objects_bottom.mkv,4, 2730, 12.4422, 99.5418, 1, 115, 16
/home/benjamin/Master_Thesis_Workspace/Data/Video_Data/Short_Objects_bottom.mkv,5, 2889, 15.2421, 99.5148, 1, 119, 16
/home/benjamin/Master_Thesis_Workspace/Data/Video_Data/Short_Objects_bottom.mkv,6, 2787, 13.0823, 99.6148, 1, 119, 16
/home/benjamin/Master_Thesis_Workspace/Data/Video_Data/Short_Objects_bottom.mkv,7, 2834, 13.2359, 99.6083, 1, 120, 16
/home/benjamin/Master_Thesis_Workspace/Data/Video_Data/Short_Objects_bottom.mkv,8, 2871, 13.3856, 99.5856, 1, 120, 16
/home/benjamin/Master_Thesis_Workspace/Data/Video_Data/Short_Objects_bottom.mkv,9, 2961, 13.2687, 99.608, 1, 124, 16
/home/benjamin/Master_Thesis_Workspace/Data/Video_Data/Short_Objects_bottom.mkv,10, 2978, 13.2689, 99.6383, 1, 126, 16
/home/benjamin/Master_Thesis_Workspace/Data/Video_Data/Short_Objects_bottom.mkv,11, 3070, 13.0053, 99.6473, 1, 126, 16
/home/benjamin/Master_Thesis_Workspace/Data/Video_Data/Short_Objects_bottom.mkv,12, 3041, 13.1954, 99.7462, 1, 129, 16
/home/benjamin/Master_Thesis_Workspace/Data/Video_Data/Short_Objects_bottom.mkv,13, 3179, 13.1483, 99.655, 1, 130, 16
/home/benjamin/Master_Thesis_Workspace/Data/Video_Data/Short_Objects_bottom.mkv,14, 3270, 13.2135, 99.6148, 1, 131, 16
/home/benjamin/Master_Thesis_Workspace/Data/Video_Data/Short_Objects_bottom.mkv,15, 3239, 13.1477, 99.7323, 1, 131, 16
/home/benjamin/Master_Thesis_Workspace/Data/Video_Data/Short_Objects_bottom.mkv,16, 3247, 13.0123, 99.6818, 1, 133, 16
/home/benjamin/Master_Thesis_Workspace/Data/Video_Data/Short_Objects_bottom.mkv,17, 3339, 13.1029, 99.714, 1, 133, 16
/home/benjamin/Master_Thesis_Workspace/Data/Video_Data/Short_Objects_bottom.mkv,18, 3391, 12.829, 99.7235, 1, 133, 16
/home/benjamin/Master_Thesis_Workspace/Data/Video_Data/Short_Objects_bottom.mkv,19, 3372, 13.066, 99.6958, 1, 132, 16
/home/benjamin/Master_Thesis_Workspace/Data/Video_Data/Short_Objects_bottom.mkv,20, 3352, 13.1485, 99.6624, 1, 133, 16
/home/benjamin/Master_Thesis_Workspace/Data/Video_Data/Short_Objects_bottom.mkv,21, 3444, 12.9866, 99.704, 1, 133, 16
/home/benjamin/Master_Thesis_Workspace/Data/Video_Data/Short_Objects_bottom.mkv,22, 3318, 12.9556, 99.7361, 1, 132, 16
/home/benjamin/Master_Thesis_Workspace/Data/Video_Data/Short_Objects_bottom.mkv,23, 3340, 12.798, 99.794, 1, 133, 16
/home/benjamin/Master_Thesis_Workspace/Data/Video_Data/Short_Objects_bottom.mkv,24, 3354, 12.9554, 99.7493, 1, 132, 16
/home/benjamin/Master_Thesis_Workspace/Data/Video_Data/Short_Objects_bottom.mkv,25, 3361, 13.1834, 99.6927, 1, 153, 16
/home/benjamin/Master_Thesis_Workspace/Data/Video_Data/Short_Objects_bottom.mkv,26, 3342, 12.9397, 99.7279, 1, 133, 16
/home/benjamin/Master_Thesis_Workspace/Data/Video_Data/Short_Objects_bottom.mkv,27, 3403, 13.0731, 99.7144, 1, 133, 16
/home/benjamin/Master_Thesis_Workspace/Data/Video_Data/Short_Objects_bottom.mkv,28, 3353, 12.9542, 99.7184, 1, 133, 16
/home/benjamin/Master_Thesis_Workspace/Data/Video_Data/Short_Objects_bottom.mkv,29, 3372, 12.9819, 99.7041, 1, 153, 16
/home/benjamin/Master_Thesis_Workspace/Data/Video_Data/Short_Objects_bottom.mkv,30, 3402, 12.9455, 99.7401, 1, 154, 16
/home/benjamin/Master_Thesis_Workspace/Data/Video_Data/Short_Objects_bottom.mkv,31, 3416, 12.9926, 99.7054, 1, 132, 16
/home/benjamin/Master_Thesis_Workspace/Data/Video_Data/Short_Objects_bottom.mkv,32, 3396, 12.8536, 99.7814, 1, 168, 16
/home/benjamin/Master_Thesis_Workspace/Data/Video_Data/Short_Objects_bottom.mkv,33, 3413, 12.8747, 99.7675, 1, 137, 16
/home/benjamin/Master_Thesis_Workspace/Data/Video_Data/Short_Objects_bottom.mkv,34, 3379, 12.8908, 99.6855, 1, 133, 16
/home/benjamin/Master_Thesis_Workspace/Data/Video_Data/Short_Objects_bottom.mkv,35, 3208, 13.3216, 99.7296, 1, 152, 16
/home/benjamin/Master_Thesis_Workspace/Data/Video_Data/Short_Objects_bottom.mkv,36, 3188, 13.1421, 99.727, 1, 150, 16
/home/benjamin/Master_Thesis_Workspace/Data/Video_Data/Short_Objects_bottom.mkv,37, 3184, 13.0896, 99.6763, 1, 131, 16
/home/benjamin/Master_Thesis_Workspace/Data/Video_Data/Short_Objects_bottom.mkv,38, 3213, 13.2651, 99.6817, 1, 130, 16
/home/benjamin/Master_Thesis_Workspace/Data/Video_Data/Short_Objects_bottom.mkv,39, 3315, 12.8515, 99.7305, 1, 132, 16
/home/benjamin/Master_Thesis_Workspace/Data/Video_Data/Short_Objects_bottom.mkv,40, 3405, 13.1801, 99.7632, 1, 132, 16
/home/benjamin/Master_Thesis_Workspace/Data/Video_Data/Short_Objects_bottom.mkv,41, 3208, 13.0272, 99.6995, 1, 161, 16
/home/benjamin/Master_Thesis_Workspace/Data/Video_Data/Short_Objects_bottom.mkv,42, 3187, 12.9026, 99.6893, 1, 132, 16
/home/benjamin/Master_Thesis_Workspace/Data/Video_Data/Short_Objects_bottom.mkv,43, 3190, 12.9858, 99.7216, 1, 126, 16
/home/benjamin/Master_Thesis_Workspace/Data/Video_Data/Short_Objects_bottom.mkv,44, 3277, 12.6089, 99.7447, 1, 126, 16
/home/benjamin/Master_Thesis_Workspace/Data/Video_Data/Short_Objects_bottom.mkv,45, 3295, 12.7004, 99.7458, 1, 126, 16
/home/benjamin/Master_Thesis_Workspace/Data/Video_Data/Short_Objects_bottom.mkv,46, 3257, 12.695, 99.7027, 1, 146, 16
/home/benjamin/Master_Thesis_Workspace/Data/Video_Data/Short_Objects_bottom.mkv,47, 3428, 12.3402, 99.8164, 1, 130, 16
/home/benjamin/Master_Thesis_Workspace/Data/Video_Data/Short_Objects_bottom.mkv,48, 3352, 12.2774, 99.7352, 1, 130, 16
/home/benjamin/Master_Thesis_Workspace/Data/Video_Data/Short_Objects_bottom.mkv,49, 3360, 12.2644, 99.6595, 1, 130, 16
/home/benjamin/Master_Thesis_Workspace/Data/Video_Data/Short_Objects_bottom.mkv,0, 3290, 14.9682, 94.3428, 1, 140, 32
/home/benjamin/Master_Thesis_Workspace/Data/Video_Data/Short_Objects_bottom.mkv,1, 3360, 15.245, 94.4335, 1, 140, 32
/home/benjamin/Master_Thesis_Workspace/Data/Video_Data/Short_Objects_bottom.mkv,2, 3367, 15.3236, 92.8668, 1, 140, 32
/home/benjamin/Master_Thesis_Workspace/Data/Video_Data/Short_Objects_bottom.mkv,3, 3420, 15.9769, 92.5591, 1, 140, 32
/home/benjamin/Master_Thesis_Workspace/Data/Video_Data/Short_Objects_bottom.mkv,4, 3391, 15.8791, 92.9925, 1, 140, 32
/home/benjamin/Master_Thesis_Workspace/Data/Video_Data/Short_Objects_bottom.mkv,5, 2982, 20.8124, 89.0998, 1, 144, 32
/home/benjamin/Master_Thesis_Workspace/Data/Video_Data/Short_Objects_bottom.mkv,6, 3451, 16.1567, 91.9847, 1, 146, 32
/home/benjamin/Master_Thesis_Workspace/Data/Video_Data/Short_Objects_bottom.mkv,7, 3431, 15.786, 90.8975, 1, 147, 32
/home/benjamin/Master_Thesis_Workspace/Data/Video_Data/Short_Objects_bottom.mkv,8, 3448, 15.7357, 93.0238, 1, 146, 32
/home/benjamin/Master_Thesis_Workspace/Data/Video_Data/Short_Objects_bottom.mkv,9, 3371, 15.4493, 92.8948, 1, 146, 32
/home/benjamin/Master_Thesis_Workspace/Data/Video_Data/Short_Objects_bottom.mkv,10, 3454, 15.3898, 93.8215, 1, 152, 32
/home/benjamin/Master_Thesis_Workspace/Data/Video_Data/Short_Objects_bottom.mkv,11, 3652, 15.226, 93.954, 1, 154, 32
/home/benjamin/Master_Thesis_Workspace/Data/Video_Data/Short_Objects_bottom.mkv,12, 3488, 15.6916, 93.1294, 1, 154, 32
/home/benjamin/Master_Thesis_Workspace/Data/Video_Data/Short_Objects_bottom.mkv,13, 3540, 15.8167, 93.6951, 1, 157, 32
/home/benjamin/Master_Thesis_Workspace/Data/Video_Data/Short_Objects_bottom.mkv,14, 3516, 16.0398, 93.8252, 1, 159, 32
/home/benjamin/Master_Thesis_Workspace/Data/Video_Data/Short_Objects_bottom.mkv,15, 3620, 16.039, 93.6211, 1, 159, 32
/home/benjamin/Master_Thesis_Workspace/Data/Video_Data/Short_Objects_bottom.mkv,16, 3482, 16.0019, 93.1029, 1, 160, 32
/home/benjamin/Master_Thesis_Workspace/Data/Video_Data/Short_Objects_bottom.mkv,17, 3578, 16.2199, 93.3862, 1, 161, 32
/home/benjamin/Master_Thesis_Workspace/Data/Video_Data/Short_Objects_bottom.mkv,18, 3697, 15.8446, 94.1419, 1, 160, 32
/home/benjamin/Master_Thesis_Workspace/Data/Video_Data/Short_Objects_bottom.mkv,19, 3558, 16.0099, 92.0247, 1, 160, 32
/home/benjamin/Master_Thesis_Workspace/Data/Video_Data/Short_Objects_bottom.mkv,20, 3699, 16.0331, 93.8032, 1, 160, 32
/home/benjamin/Master_Thesis_Workspace/Data/Video_Data/Short_Objects_bottom.mkv,21, 3671, 15.6379, 93.6639, 1, 159, 32
/home/benjamin/Master_Thesis_Workspace/Data/Video_Data/Short_Objects_bottom.mkv,22, 3717, 15.5424, 93.443, 1, 159, 32
/home/benjamin/Master_Thesis_Workspace/Data/Video_Data/Short_Objects_bottom.mkv,23, 3700, 15.8481, 93.5995, 1, 159, 32
/home/benjamin/Master_Thesis_Workspace/Data/Video_Data/Short_Objects_bottom.mkv,24, 3656, 15.8272, 94.2931, 1, 159, 32
/home/benjamin/Master_Thesis_Workspace/Data/Video_Data/Short_Objects_bottom.mkv,25, 3683, 16.0577, 92.7712, 1, 185, 32
/home/benjamin/Master_Thesis_Workspace/Data/Video_Data/Short_Objects_bottom.mkv,26, 3668, 15.9738, 93.2377, 1, 161, 32
/home/benjamin/Master_Thesis_Workspace/Data/Video_Data/Short_Objects_bottom.mkv,27, 3721, 16.0406, 93.9493, 1, 161, 32
/home/benjamin/Master_Thesis_Workspace/Data/Video_Data/Short_Objects_bottom.mkv,28, 3630, 16.298, 93.4524, 1, 161, 32
/home/benjamin/Master_Thesis_Workspace/Data/Video_Data/Short_Objects_bottom.mkv,29, 3646, 16.1132, 93.2101, 1, 186, 32
/home/benjamin/Master_Thesis_Workspace/Data/Video_Data/Short_Objects_bottom.mkv,30, 3738, 16.2457, 93.8318, 1, 187, 32
/home/benjamin/Master_Thesis_Workspace/Data/Video_Data/Short_Objects_bottom.mkv,31, 3744, 15.8897, 92.5444, 1, 162, 32
/home/benjamin/Master_Thesis_Workspace/Data/Video_Data/Short_Objects_bottom.mkv,32, 3648, 16.2814, 94.567, 1, 204, 32
/home/benjamin/Master_Thesis_Workspace/Data/Video_Data/Short_Objects_bottom.mkv,33, 3647, 16.2199, 93.1274, 1, 165, 32
/home/benjamin/Master_Thesis_Workspace/Data/Video_Data/Short_Objects_bottom.mkv,34, 3678, 16.1973, 94.0674, 1, 161, 32
/home/benjamin/Master_Thesis_Workspace/Data/Video_Data/Short_Objects_bottom.mkv,35, 3556, 16.3078, 93.3115, 1, 184, 32
/home/benjamin/Master_Thesis_Workspace/Data/Video_Data/Short_Objects_bottom.mkv,36, 3574, 16.0802, 94.0349, 1, 182, 32
/home/benjamin/Master_Thesis_Workspace/Data/Video_Data/Short_Objects_bottom.mkv,37, 3587, 15.8255, 93.6599, 1, 159, 32
/home/benjamin/Master_Thesis_Workspace/Data/Video_Data/Short_Objects_bottom.mkv,38, 3513, 16.0929, 93.196, 1, 157, 32
/home/benjamin/Master_Thesis_Workspace/Data/Video_Data/Short_Objects_bottom.mkv,39, 3670, 16.2199, 92.9166, 1, 159, 32
/home/benjamin/Master_Thesis_Workspace/Data/Video_Data/Short_Objects_bottom.mkv,40, 3685, 16.1169, 93.7517, 1, 159, 32
/home/benjamin/Master_Thesis_Workspace/Data/Video_Data/Short_Objects_bottom.mkv,41, 3642, 15.4753, 93.9252, 1, 196, 32
/home/benjamin/Master_Thesis_Workspace/Data/Video_Data/Short_Objects_bottom.mkv,42, 3568, 15.5245, 93.7093, 1, 158, 32
/home/benjamin/Master_Thesis_Workspace/Data/Video_Data/Short_Objects_bottom.mkv,43, 3555, 15.4103, 94.5166, 1, 154, 32
/home/benjamin/Master_Thesis_Workspace/Data/Video_Data/Short_Objects_bottom.mkv,44, 3662, 15.3215, 93.9962, 1, 153, 32
/home/benjamin/Master_Thesis_Workspace/Data/Video_Data/Short_Objects_bottom.mkv,45, 3548, 15.4087, 94.06, 1, 153, 32
/home/benjamin/Master_Thesis_Workspace/Data/Video_Data/Short_Objects_bottom.mkv,46, 3538, 14.919, 94.1602, 1, 175, 32
/home/benjamin/Master_Thesis_Workspace/Data/Video_Data/Short_Objects_bottom.mkv,47, 3667, 14.5185, 94.5895, 1, 158, 32
/home/benjamin/Master_Thesis_Workspace/Data/Video_Data/Short_Objects_bottom.mkv,48, 3626, 14.5165, 94.8181, 1, 157, 32
/home/benjamin/Master_Thesis_Workspace/Data/Video_Data/Short_Objects_bottom.mkv,49, 3521, 14.3754, 94.114, 1, 157, 32
/home/benjamin/Master_Thesis_Workspace/Data/Video_Data/Short_Objects_bottom.mkv,0, 2395, 12.717, 85.2252, 0, 170, 48
/home/benjamin/Master_Thesis_Workspace/Data/Video_Data/Short_Objects_bottom.mkv,1, 2339, 12.0982, 82.934, 0, 169, 48
/home/benjamin/Master_Thesis_Workspace/Data/Video_Data/Short_Objects_bottom.mkv,2, 2374, 11.7128, 86.9583, 0, 173, 48
/home/benjamin/Master_Thesis_Workspace/Data/Video_Data/Short_Objects_bottom.mkv,3, 2319, 11.7643, 86.0255, 0, 173, 48
/home/benjamin/Master_Thesis_Workspace/Data/Video_Data/Short_Objects_bottom.mkv,4, 2269, 11.1054, 86.7193, 0, 174, 48
/home/benjamin/Master_Thesis_Workspace/Data/Video_Data/Short_Objects_bottom.mkv,5, 3355, 20.7717, 56.3729, 1, 178, 48
/home/benjamin/Master_Thesis_Workspace/Data/Video_Data/Short_Objects_bottom.mkv,6, 2214, 9.89795, 85.0227, 0, 175, 48
/home/benjamin/Master_Thesis_Workspace/Data/Video_Data/Short_Objects_bottom.mkv,7, 2106, 8.80547, 91.832, 0, 177, 48
/home/benjamin/Master_Thesis_Workspace/Data/Video_Data/Short_Objects_bottom.mkv,8, 2152, 8.7085, 93.693, 0, 181, 48
/home/benjamin/Master_Thesis_Workspace/Data/Video_Data/Short_Objects_bottom.mkv,9, 2018, 8.32211, 90.1841, 0, 183, 48
/home/benjamin/Master_Thesis_Workspace/Data/Video_Data/Short_Objects_bottom.mkv,10, 1978, 8.06148, 92.1777, 0, 185, 48
/home/benjamin/Master_Thesis_Workspace/Data/Video_Data/Short_Objects_bottom.mkv,11, 2045, 8.15782, 94.3434, 0, 190, 48
/home/benjamin/Master_Thesis_Workspace/Data/Video_Data/Short_Objects_bottom.mkv,12, 2051, 8.078, 92.5395, 0, 192, 48
/home/benjamin/Master_Thesis_Workspace/Data/Video_Data/Short_Objects_bottom.mkv,13, 2039, 8.08139, 92.3634, 0, 192, 48
/home/benjamin/Master_Thesis_Workspace/Data/Video_Data/Short_Objects_bottom.mkv,14, 2034, 8.32063, 94.7173, 0, 197, 48
/home/benjamin/Master_Thesis_Workspace/Data/Video_Data/Short_Objects_bottom.mkv,15, 1934, 8.12754, 93.4883, 0, 196, 48
/home/benjamin/Master_Thesis_Workspace/Data/Video_Data/Short_Objects_bottom.mkv,16, 1952, 8.25881, 94.8475, 0, 198, 48
/home/benjamin/Master_Thesis_Workspace/Data/Video_Data/Short_Objects_bottom.mkv,17, 2127, 8.38182, 93.6227, 0, 198, 48
/home/benjamin/Master_Thesis_Workspace/Data/Video_Data/Short_Objects_bottom.mkv,18, 1967, 7.81398, 94.247, 0, 197, 48
/home/benjamin/Master_Thesis_Workspace/Data/Video_Data/Short_Objects_bottom.mkv,19, 2088, 8.0888, 94.4604, 0, 197, 48
/home/benjamin/Master_Thesis_Workspace/Data/Video_Data/Short_Objects_bottom.mkv,20, 2103, 8.1919, 94.3073, 0, 197, 48
/home/benjamin/Master_Thesis_Workspace/Data/Video_Data/Short_Objects_bottom.mkv,21, 2153, 8.10467, 92.3333, 0, 198, 48
/home/benjamin/Master_Thesis_Workspace/Data/Video_Data/Short_Objects_bottom.mkv,22, 2052, 8.01215, 93.384, 0, 196, 48
/home/benjamin/Master_Thesis_Workspace/Data/Video_Data/Short_Objects_bottom.mkv,23, 2241, 8.03311, 92.3825, 0, 197, 48
/home/benjamin/Master_Thesis_Workspace/Data/Video_Data/Short_Objects_bottom.mkv,24, 2111, 7.97574, 92.1415, 0, 196, 48
/home/benjamin/Master_Thesis_Workspace/Data/Video_Data/Short_Objects_bottom.mkv,25, 2073, 8.15845, 91.2521, 0, 223, 48
/home/benjamin/Master_Thesis_Workspace/Data/Video_Data/Short_Objects_bottom.mkv,26, 2124, 8.01088, 92.9979, 0, 201, 48
/home/benjamin/Master_Thesis_Workspace/Data/Video_Data/Short_Objects_bottom.mkv,27, 2049, 8.17306, 92.8192, 0, 199, 48
/home/benjamin/Master_Thesis_Workspace/Data/Video_Data/Short_Objects_bottom.mkv,28, 2138, 8.40955, 93.1538, 0, 199, 48
/home/benjamin/Master_Thesis_Workspace/Data/Video_Data/Short_Objects_bottom.mkv,29, 2132, 8.15379, 93.2928, 0, 224, 48
/home/benjamin/Master_Thesis_Workspace/Data/Video_Data/Short_Objects_bottom.mkv,30, 2210, 8.2497, 91.2736, 0, 229, 48
/home/benjamin/Master_Thesis_Workspace/Data/Video_Data/Short_Objects_bottom.mkv,31, 2111, 8.3399, 91.2287, 0, 202, 48
/home/benjamin/Master_Thesis_Workspace/Data/Video_Data/Short_Objects_bottom.mkv,32, 2073, 8.02168, 90.1998, 0, 242, 48
/home/benjamin/Master_Thesis_Workspace/Data/Video_Data/Short_Objects_bottom.mkv,33, 2150, 8.21117, 88.2168, 0, 206, 48
/home/benjamin/Master_Thesis_Workspace/Data/Video_Data/Short_Objects_bottom.mkv,34, 2171, 8.40955, 91.0203, 0, 200, 48
/home/benjamin/Master_Thesis_Workspace/Data/Video_Data/Short_Objects_bottom.mkv,35, 2077, 7.94631, 86.2723, 0, 222, 48
/home/benjamin/Master_Thesis_Workspace/Data/Video_Data/Short_Objects_bottom.mkv,36, 2024, 8.26071, 92.6945, 0, 223, 48
/home/benjamin/Master_Thesis_Workspace/Data/Video_Data/Short_Objects_bottom.mkv,37, 2093, 8.25542, 93.6565, 0, 199, 48
/home/benjamin/Master_Thesis_Workspace/Data/Video_Data/Short_Objects_bottom.mkv,38, 2117, 8.11928, 93.8512, 0, 194, 48
/home/benjamin/Master_Thesis_Workspace/Data/Video_Data/Short_Objects_bottom.mkv,39, 2253, 8.85607, 93.9966, 0, 196, 48
/home/benjamin/Master_Thesis_Workspace/Data/Video_Data/Short_Objects_bottom.mkv,40, 2198, 8.44131, 92.6049, 0, 194, 48
/home/benjamin/Master_Thesis_Workspace/Data/Video_Data/Short_Objects_bottom.mkv,41, 2137, 7.74136, 92.6282, 0, 231, 48
/home/benjamin/Master_Thesis_Workspace/Data/Video_Data/Short_Objects_bottom.mkv,42, 2219, 8.08689, 93.868, 0, 198, 48
/home/benjamin/Master_Thesis_Workspace/Data/Video_Data/Short_Objects_bottom.mkv,43, 2147, 8.0816, 91.8242, 0, 191, 48
/home/benjamin/Master_Thesis_Workspace/Data/Video_Data/Short_Objects_bottom.mkv,44, 2272, 8.2334, 91.6163, 0, 189, 48
/home/benjamin/Master_Thesis_Workspace/Data/Video_Data/Short_Objects_bottom.mkv,45, 2195, 8.08837, 93.4273, 0, 185, 48
/home/benjamin/Master_Thesis_Workspace/Data/Video_Data/Short_Objects_bottom.mkv,46, 2278, 8.06297, 92.2537, 0, 212, 48
/home/benjamin/Master_Thesis_Workspace/Data/Video_Data/Short_Objects_bottom.mkv,47, 2285, 8.17454, 92.95, 0, 193, 48
/home/benjamin/Master_Thesis_Workspace/Data/Video_Data/Short_Objects_bottom.mkv,48, 2266, 8.50673, 92.1479, 0, 192, 48
/home/benjamin/Master_Thesis_Workspace/Data/Video_Data/Short_Objects_bottom.mkv,49, 2306, 8.47138, 91.0053, 0, 193, 48
/home/benjamin/Master_Thesis_Workspace/Data/Video_Data/Short_Objects_bottom.mkv,0, 2379, 14.6987, 71.3653, 0, 204, 64
/home/benjamin/Master_Thesis_Workspace/Data/Video_Data/Short_Objects_bottom.mkv,1, 2311, 13.8266, 76.2255, 0, 201, 64
/home/benjamin/Master_Thesis_Workspace/Data/Video_Data/Short_Objects_bottom.mkv,2, 2383, 13.3215, 73.9907, 0, 201, 64
/home/benjamin/Master_Thesis_Workspace/Data/Video_Data/Short_Objects_bottom.mkv,3, 2330, 13.5231, 70.781, 0, 202, 64
/home/benjamin/Master_Thesis_Workspace/Data/Video_Data/Short_Objects_bottom.mkv,4, 2309, 12.4991, 67.2496, 0, 202, 64
/home/benjamin/Master_Thesis_Workspace/Data/Video_Data/Short_Objects_bottom.mkv,5, 2359, 15.6933, 65.7215, 1, 206, 64
/home/benjamin/Master_Thesis_Workspace/Data/Video_Data/Short_Objects_bottom.mkv,6, 2174, 11.2728, 78.8056, 0, 206, 64
/home/benjamin/Master_Thesis_Workspace/Data/Video_Data/Short_Objects_bottom.mkv,7, 2242, 10.2926, 83.3809, 0, 206, 64
/home/benjamin/Master_Thesis_Workspace/Data/Video_Data/Short_Objects_bottom.mkv,8, 2204, 10.1554, 84.6015, 0, 210, 64
/home/benjamin/Master_Thesis_Workspace/Data/Video_Data/Short_Objects_bottom.mkv,9, 2104, 9.69691, 81.4717, 0, 212, 64
/home/benjamin/Master_Thesis_Workspace/Data/Video_Data/Short_Objects_bottom.mkv,10, 2075, 9.79648, 83.9123, 0, 214, 64
/home/benjamin/Master_Thesis_Workspace/Data/Video_Data/Short_Objects_bottom.mkv,11, 2195, 9.40586, 89.3354, 0, 219, 64
/home/benjamin/Master_Thesis_Workspace/Data/Video_Data/Short_Objects_bottom.mkv,12, 2117, 9.41111, 89.1064, 0, 221, 64
/home/benjamin/Master_Thesis_Workspace/Data/Video_Data/Short_Objects_bottom.mkv,13, 2195, 9.68466, 89.7785, 0, 223, 64
/home/benjamin/Master_Thesis_Workspace/Data/Video_Data/Short_Objects_bottom.mkv,14, 2152, 9.85622, 90.7957, 0, 224, 64
/home/benjamin/Master_Thesis_Workspace/Data/Video_Data/Short_Objects_bottom.mkv,15, 2060, 9.7468, 87.6607, 0, 225, 64
/home/benjamin/Master_Thesis_Workspace/Data/Video_Data/Short_Objects_bottom.mkv,16, 2166, 9.71748, 87.4212, 0, 229, 64
/home/benjamin/Master_Thesis_Workspace/Data/Video_Data/Short_Objects_bottom.mkv,17, 2236, 10.2403, 90.3249, 0, 229, 64
/home/benjamin/Master_Thesis_Workspace/Data/Video_Data/Short_Objects_bottom.mkv,18, 2153, 9.60565, 91.8625, 0, 228, 64
/home/benjamin/Master_Thesis_Workspace/Data/Video_Data/Short_Objects_bottom.mkv,19, 2313, 10.1549, 90.9585, 0, 230, 64
/home/benjamin/Master_Thesis_Workspace/Data/Video_Data/Short_Objects_bottom.mkv,20, 2285, 10.0337, 89.6857, 0, 228, 64
/home/benjamin/Master_Thesis_Workspace/Data/Video_Data/Short_Objects_bottom.mkv,21, 2269, 9.83281, 86.7762, 0, 225, 64
/home/benjamin/Master_Thesis_Workspace/Data/Video_Data/Short_Objects_bottom.mkv,22, 2192, 9.74505, 89.6804, 0, 228, 64
/home/benjamin/Master_Thesis_Workspace/Data/Video_Data/Short_Objects_bottom.mkv,23, 2390, 9.62491, 86.0075, 0, 227, 64
/home/benjamin/Master_Thesis_Workspace/Data/Video_Data/Short_Objects_bottom.mkv,24, 2246, 9.50061, 87.9191, 0, 225, 64
/home/benjamin/Master_Thesis_Workspace/Data/Video_Data/Short_Objects_bottom.mkv,25, 2223, 9.35946, 89.7238, 0, 254, 64
/home/benjamin/Master_Thesis_Workspace/Data/Video_Data/Short_Objects_bottom.mkv,26, 2287, 9.4947, 90.8825, 0, 232, 64
/home/benjamin/Master_Thesis_Workspace/Data/Video_Data/Short_Objects_bottom.mkv,27, 2255, 9.47457, 88.3518, 0, 229, 64
/home/benjamin/Master_Thesis_Workspace/Data/Video_Data/Short_Objects_bottom.mkv,28, 2263, 10.1731, 89.4405, 0, 229, 64
/home/benjamin/Master_Thesis_Workspace/Data/Video_Data/Short_Objects_bottom.mkv,29, 2371, 9.86957, 90.1583, 0, 257, 64
/home/benjamin/Master_Thesis_Workspace/Data/Video_Data/Short_Objects_bottom.mkv,30, 2390, 9.94529, 83.9195, 0, 263, 64
/home/benjamin/Master_Thesis_Workspace/Data/Video_Data/Short_Objects_bottom.mkv,31, 2278, 9.82843, 89.2523, 0, 233, 64
/home/benjamin/Master_Thesis_Workspace/Data/Video_Data/Short_Objects_bottom.mkv,32, 2230, 9.56408, 87.3295, 0, 282, 64
/home/benjamin/Master_Thesis_Workspace/Data/Video_Data/Short_Objects_bottom.mkv,33, 2256, 9.92932, 88.6202, 0, 238, 64
/home/benjamin/Master_Thesis_Workspace/Data/Video_Data/Short_Objects_bottom.mkv,34, 2348, 10.0013, 82.9632, 0, 231, 64
/home/benjamin/Master_Thesis_Workspace/Data/Video_Data/Short_Objects_bottom.mkv,35, 2248, 9.46888, 88.6125, 0, 256, 64
/home/benjamin/Master_Thesis_Workspace/Data/Video_Data/Short_Objects_bottom.mkv,36, 2210, 9.81793, 90.0565, 0, 253, 64
/home/benjamin/Master_Thesis_Workspace/Data/Video_Data/Short_Objects_bottom.mkv,37, 2339, 10.0274, 87.7464, 0, 225, 64
/home/benjamin/Master_Thesis_Workspace/Data/Video_Data/Short_Objects_bottom.mkv,38, 2332, 9.69625, 87.9439, 0, 223, 64
/home/benjamin/Master_Thesis_Workspace/Data/Video_Data/Short_Objects_bottom.mkv,39, 2371, 10.9417, 88.7628, 0, 223, 64
/home/benjamin/Master_Thesis_Workspace/Data/Video_Data/Short_Objects_bottom.mkv,40, 2391, 9.99059, 90.768, 0, 223, 64
/home/benjamin/Master_Thesis_Workspace/Data/Video_Data/Short_Objects_bottom.mkv,41, 2283, 9.1671, 86.2384, 0, 267, 64
/home/benjamin/Master_Thesis_Workspace/Data/Video_Data/Short_Objects_bottom.mkv,42, 2342, 9.61747, 89.8755, 0, 228, 64
/home/benjamin/Master_Thesis_Workspace/Data/Video_Data/Short_Objects_bottom.mkv,43, 2235, 9.49886, 89.1222, 0, 220, 64
/home/benjamin/Master_Thesis_Workspace/Data/Video_Data/Short_Objects_bottom.mkv,44, 2352, 9.74024, 88.0691, 0, 218, 64
/home/benjamin/Master_Thesis_Workspace/Data/Video_Data/Short_Objects_bottom.mkv,45, 2332, 9.6341, 88.9967, 0, 216, 64
/home/benjamin/Master_Thesis_Workspace/Data/Video_Data/Short_Objects_bottom.mkv,46, 2319, 9.61857, 87.5693, 0, 245, 64
/home/benjamin/Master_Thesis_Workspace/Data/Video_Data/Short_Objects_bottom.mkv,47, 2419, 9.65708, 88.7361, 0, 225, 64
/home/benjamin/Master_Thesis_Workspace/Data/Video_Data/Short_Objects_bottom.mkv,48, 2365, 10.2394, 87.1415, 0, 225, 64
/home/benjamin/Master_Thesis_Workspace/Data/Video_Data/Short_Objects_bottom.mkv,49, 2394, 10.1913, 86.9583, 0, 235, 64
/home/benjamin/Master_Thesis_Workspace/Data/Video_Data/Short_Objects_bottom.mkv,0, 2303, 15.8682, 59.9792, 0, 229, 80
/home/benjamin/Master_Thesis_Workspace/Data/Video_Data/Short_Objects_bottom.mkv,1, 2251, 15.2088, 69.3621, 0, 224, 80
/home/benjamin/Master_Thesis_Workspace/Data/Video_Data/Short_Objects_bottom.mkv,2, 2354, 14.1076, 73.084, 0, 219, 80
/home/benjamin/Master_Thesis_Workspace/Data/Video_Data/Short_Objects_bottom.mkv,3, 2270, 14.4404, 74.4386, 0, 223, 80
/home/benjamin/Master_Thesis_Workspace/Data/Video_Data/Short_Objects_bottom.mkv,4, 2177, 13.6585, 68.9697, 0, 225, 80
/home/benjamin/Master_Thesis_Workspace/Data/Video_Data/Short_Objects_bottom.mkv,5, 2146, 14.2894, 69.2396, 1, 227, 80
/home/benjamin/Master_Thesis_Workspace/Data/Video_Data/Short_Objects_bottom.mkv,6, 2153, 12.6089, 75.139, 0, 228, 80
/home/benjamin/Master_Thesis_Workspace/Data/Video_Data/Short_Objects_bottom.mkv,7, 2165, 11.8942, 78.1729, 0, 230, 80
/home/benjamin/Master_Thesis_Workspace/Data/Video_Data/Short_Objects_bottom.mkv,8, 2143, 11.7876, 84.0427, 0, 234, 80
/home/benjamin/Master_Thesis_Workspace/Data/Video_Data/Short_Objects_bottom.mkv,9, 2059, 11.3567, 79.396, 0, 236, 80
/home/benjamin/Master_Thesis_Workspace/Data/Video_Data/Short_Objects_bottom.mkv,10, 2049, 11.6191, 81.5231, 0, 239, 80
/home/benjamin/Master_Thesis_Workspace/Data/Video_Data/Short_Objects_bottom.mkv,11, 2091, 11.5408, 82.8956, 0, 244, 80
/home/benjamin/Master_Thesis_Workspace/Data/Video_Data/Short_Objects_bottom.mkv,12, 2103, 11.5784, 87.236, 0, 245, 80
/home/benjamin/Master_Thesis_Workspace/Data/Video_Data/Short_Objects_bottom.mkv,13, 2095, 12.2548, 86.9493, 0, 247, 80
/home/benjamin/Master_Thesis_Workspace/Data/Video_Data/Short_Objects_bottom.mkv,14, 2048, 12.2353, 87.1047, 0, 249, 80
/home/benjamin/Master_Thesis_Workspace/Data/Video_Data/Short_Objects_bottom.mkv,15, 2087, 12.2045, 83.4949, 0, 250, 80
/home/benjamin/Master_Thesis_Workspace/Data/Video_Data/Short_Objects_bottom.mkv,16, 2055, 12.3114, 86.0151, 0, 254, 80
/home/benjamin/Master_Thesis_Workspace/Data/Video_Data/Short_Objects_bottom.mkv,17, 2182, 12.8555, 87.0787, 0, 254, 80
/home/benjamin/Master_Thesis_Workspace/Data/Video_Data/Short_Objects_bottom.mkv,18, 2094, 12.0152, 88.5243, 0, 254, 80
/home/benjamin/Master_Thesis_Workspace/Data/Video_Data/Short_Objects_bottom.mkv,19, 2232, 12.8562, 84.9272, 0, 253, 80
/home/benjamin/Master_Thesis_Workspace/Data/Video_Data/Short_Objects_bottom.mkv,20, 2245, 12.5276, 86.4585, 0, 253, 80
/home/benjamin/Master_Thesis_Workspace/Data/Video_Data/Short_Objects_bottom.mkv,21, 2228, 12.2926, 83.2952, 0, 250, 80
/home/benjamin/Master_Thesis_Workspace/Data/Video_Data/Short_Objects_bottom.mkv,22, 2171, 12.2459, 87.0476, 0, 250, 80
/home/benjamin/Master_Thesis_Workspace/Data/Video_Data/Short_Objects_bottom.mkv,23, 2287, 12.3569, 85.6583, 0, 252, 80
/home/benjamin/Master_Thesis_Workspace/Data/Video_Data/Short_Objects_bottom.mkv,24, 2241, 11.7249, 86.1804, 0, 250, 80
/home/benjamin/Master_Thesis_Workspace/Data/Video_Data/Short_Objects_bottom.mkv,25, 2213, 11.5602, 87.2389, 0, 284, 80
/home/benjamin/Master_Thesis_Workspace/Data/Video_Data/Short_Objects_bottom.mkv,26, 2253, 11.8591, 87.1817, 0, 258, 80
/home/benjamin/Master_Thesis_Workspace/Data/Video_Data/Short_Objects_bottom.mkv,27, 2254, 11.4001, 86.314, 0, 254, 80
/home/benjamin/Master_Thesis_Workspace/Data/Video_Data/Short_Objects_bottom.mkv,28, 2222, 12.4321, 82.1631, 0, 253, 80
/home/benjamin/Master_Thesis_Workspace/Data/Video_Data/Short_Objects_bottom.mkv,29, 2348, 12.4466, 83.1121, 0, 285, 80
/home/benjamin/Master_Thesis_Workspace/Data/Video_Data/Short_Objects_bottom.mkv,30, 2299, 12.2486, 85.19, 0, 289, 80
/home/benjamin/Master_Thesis_Workspace/Data/Video_Data/Short_Objects_bottom.mkv,31, 2207, 11.9497, 85.8169, 0, 259, 80
/home/benjamin/Master_Thesis_Workspace/Data/Video_Data/Short_Objects_bottom.mkv,32, 2205, 11.6354, 84.0015, 0, 310, 80
/home/benjamin/Master_Thesis_Workspace/Data/Video_Data/Short_Objects_bottom.mkv,33, 2251, 11.986, 82.7155, 0, 261, 80
/home/benjamin/Master_Thesis_Workspace/Data/Video_Data/Short_Objects_bottom.mkv,34, 2344, 12.2178, 81.0876, 0, 256, 80
/home/benjamin/Master_Thesis_Workspace/Data/Video_Data/Short_Objects_bottom.mkv,35, 2181, 11.6737, 83.6459, 0, 284, 80
/home/benjamin/Master_Thesis_Workspace/Data/Video_Data/Short_Objects_bottom.mkv,36, 2164, 12.1796, 87.5578, 0, 281, 80
/home/benjamin/Master_Thesis_Workspace/Data/Video_Data/Short_Objects_bottom.mkv,37, 2331, 12.3548, 86.3128, 0, 250, 80
/home/benjamin/Master_Thesis_Workspace/Data/Video_Data/Short_Objects_bottom.mkv,38, 2284, 12.0618, 82.7338, 0, 247, 80
/home/benjamin/Master_Thesis_Workspace/Data/Video_Data/Short_Objects_bottom.mkv,39, 2417, 13.6954, 85.2137, 0, 249, 80
/home/benjamin/Master_Thesis_Workspace/Data/Video_Data/Short_Objects_bottom.mkv,40, 2388, 12.2831, 85.1793, 0, 248, 80
/home/benjamin/Master_Thesis_Workspace/Data/Video_Data/Short_Objects_bottom.mkv,41, 2234, 11.3159, 83.6525, 0, 297, 80
/home/benjamin/Master_Thesis_Workspace/Data/Video_Data/Short_Objects_bottom.mkv,42, 2292, 11.5299, 86.9841, 0, 252, 80
/home/benjamin/Master_Thesis_Workspace/Data/Video_Data/Short_Objects_bottom.mkv,43, 2253, 11.5195, 86.7508, 0, 244, 80
/home/benjamin/Master_Thesis_Workspace/Data/Video_Data/Short_Objects_bottom.mkv,44, 2351, 11.7711, 83.6247, 0, 239, 80
/home/benjamin/Master_Thesis_Workspace/Data/Video_Data/Short_Objects_bottom.mkv,45, 2261, 11.5811, 86.6687, 0, 239, 80
/home/benjamin/Master_Thesis_Workspace/Data/Video_Data/Short_Objects_bottom.mkv,46, 2269, 11.7088, 83.8986, 0, 273, 80
/home/benjamin/Master_Thesis_Workspace/Data/Video_Data/Short_Objects_bottom.mkv,47, 2350, 11.7289, 85.2565, 0, 249, 80
/home/benjamin/Master_Thesis_Workspace/Data/Video_Data/Short_Objects_bottom.mkv,48, 2293, 12.349, 84.5059, 0, 247, 80
/home/benjamin/Master_Thesis_Workspace/Data/Video_Data/Short_Objects_bottom.mkv,49, 2361, 12.288, 82.4466, 0, 247, 80
/home/benjamin/Master_Thesis_Workspace/Data/Video_Data/Short_Objects_bottom.mkv,0, 1998, 18.7614, 60.2901, 0, 267, 112
/home/benjamin/Master_Thesis_Workspace/Data/Video_Data/Short_Objects_bottom.mkv,1, 2070, 17.858, 64.0336, 0, 265, 112
/home/benjamin/Master_Thesis_Workspace/Data/Video_Data/Short_Objects_bottom.mkv,2, 2135, 16.9818, 72.6469, 0, 261, 112
/home/benjamin/Master_Thesis_Workspace/Data/Video_Data/Short_Objects_bottom.mkv,3, 2139, 16.352, 74.603, 0, 264, 112
/home/benjamin/Master_Thesis_Workspace/Data/Video_Data/Short_Objects_bottom.mkv,4, 1994, 16.0967, 69.0474, 0, 265, 112
/home/benjamin/Master_Thesis_Workspace/Data/Video_Data/Short_Objects_bottom.mkv,5, 2058, 16.2145, 68.9118, 1, 269, 112
/home/benjamin/Master_Thesis_Workspace/Data/Video_Data/Short_Objects_bottom.mkv,6, 2026, 14.7457, 75.1878, 0, 270, 112
/home/benjamin/Master_Thesis_Workspace/Data/Video_Data/Short_Objects_bottom.mkv,7, 1990, 14.7625, 77.9056, 0, 272, 112
/home/benjamin/Master_Thesis_Workspace/Data/Video_Data/Short_Objects_bottom.mkv,8, 2005, 15.4357, 80.7673, 0.5, 276, 112
/home/benjamin/Master_Thesis_Workspace/Data/Video_Data/Short_Objects_bottom.mkv,9, 1913, 15.9149, 81.0306, 0.5, 278, 112
/home/benjamin/Master_Thesis_Workspace/Data/Video_Data/Short_Objects_bottom.mkv,10, 1803, 16.4498, 79.0965, 0.5, 281, 112
/home/benjamin/Master_Thesis_Workspace/Data/Video_Data/Short_Objects_bottom.mkv,11, 1923, 17.0546, 80.3108, 0.5, 287, 112
/home/benjamin/Master_Thesis_Workspace/Data/Video_Data/Short_Objects_bottom.mkv,12, 1856, 17.3496, 84.5673, 0.5, 290, 112
/home/benjamin/Master_Thesis_Workspace/Data/Video_Data/Short_Objects_bottom.mkv,13, 1827, 18.3925, 83.0407, 0.5, 292, 112
/home/benjamin/Master_Thesis_Workspace/Data/Video_Data/Short_Objects_bottom.mkv,14, 1842, 18.4287, 84.1661, 0.5, 295, 112
/home/benjamin/Master_Thesis_Workspace/Data/Video_Data/Short_Objects_bottom.mkv,15, 1805, 18.2056, 81.8133, 0.5, 297, 112
/home/benjamin/Master_Thesis_Workspace/Data/Video_Data/Short_Objects_bottom.mkv,16, 1763, 18.4012, 83.2865, 0.5, 298, 112
/home/benjamin/Master_Thesis_Workspace/Data/Video_Data/Short_Objects_bottom.mkv,17, 1907, 19.0292, 81.0198, 0.5, 299, 112
/home/benjamin/Master_Thesis_Workspace/Data/Video_Data/Short_Objects_bottom.mkv,18, 1781, 18.1914, 81.9982, 0.5, 298, 112
/home/benjamin/Master_Thesis_Workspace/Data/Video_Data/Short_Objects_bottom.mkv,19, 1976, 18.8912, 80.2679, 0.5, 298, 112
/home/benjamin/Master_Thesis_Workspace/Data/Video_Data/Short_Objects_bottom.mkv,20, 1953, 18.7756, 83.135, 0.5, 296, 112
/home/benjamin/Master_Thesis_Workspace/Data/Video_Data/Short_Objects_bottom.mkv,21, 1938, 18.1403, 80.1963, 0.5, 294, 112
/home/benjamin/Master_Thesis_Workspace/Data/Video_Data/Short_Objects_bottom.mkv,22, 1919, 17.97, 83.0877, 0.5, 294, 112
/home/benjamin/Master_Thesis_Workspace/Data/Video_Data/Short_Objects_bottom.mkv,23, 1985, 18.2946, 79.6781, 0.5, 298, 112
/home/benjamin/Master_Thesis_Workspace/Data/Video_Data/Short_Objects_bottom.mkv,24, 1961, 17.4477, 81.343, 0.5, 297, 112
/home/benjamin/Master_Thesis_Workspace/Data/Video_Data/Short_Objects_bottom.mkv,25, 1909, 17.1116, 82.8785, 0.5, 332, 112
/home/benjamin/Master_Thesis_Workspace/Data/Video_Data/Short_Objects_bottom.mkv,26, 1952, 17.4165, 81.694, 0.5, 303, 112
/home/benjamin/Master_Thesis_Workspace/Data/Video_Data/Short_Objects_bottom.mkv,27, 1917, 16.8594, 82.7054, 0.5, 300, 112
/home/benjamin/Master_Thesis_Workspace/Data/Video_Data/Short_Objects_bottom.mkv,28, 1839, 18.0637, 82.0412, 0.5, 298, 112
/home/benjamin/Master_Thesis_Workspace/Data/Video_Data/Short_Objects_bottom.mkv,29, 1954, 18.1048, 78.5492, 0.5, 335, 112
/home/benjamin/Master_Thesis_Workspace/Data/Video_Data/Short_Objects_bottom.mkv,30, 1999, 17.6567, 81.1605, 0.5, 343, 112
/home/benjamin/Master_Thesis_Workspace/Data/Video_Data/Short_Objects_bottom.mkv,31, 1882, 17.3773, 81.8924, 0.5, 305, 112
/home/benjamin/Master_Thesis_Workspace/Data/Video_Data/Short_Objects_bottom.mkv,32, 1854, 17.3235, 83.7474, 0.5, 365, 112
/home/benjamin/Master_Thesis_Workspace/Data/Video_Data/Short_Objects_bottom.mkv,33, 1891, 17.8994, 81.134, 0.5, 311, 112
/home/benjamin/Master_Thesis_Workspace/Data/Video_Data/Short_Objects_bottom.mkv,34, 1960, 18.2068, 77.7364, 0.5, 301, 112
/home/benjamin/Master_Thesis_Workspace/Data/Video_Data/Short_Objects_bottom.mkv,35, 1850, 17.4241, 81.2605, 0.5, 333, 112
/home/benjamin/Master_Thesis_Workspace/Data/Video_Data/Short_Objects_bottom.mkv,36, 2018, 17.6723, 80.5202, 0.5, 332, 112
/home/benjamin/Master_Thesis_Workspace/Data/Video_Data/Short_Objects_bottom.mkv,37, 1999, 17.9349, 80.0505, 0.5, 297, 112
/home/benjamin/Master_Thesis_Workspace/Data/Video_Data/Short_Objects_bottom.mkv,38, 2084, 17.7212, 79.3079, 0.5, 294, 112
/home/benjamin/Master_Thesis_Workspace/Data/Video_Data/Short_Objects_bottom.mkv,39, 2056, 19.1518, 77.0395, 0.5, 293, 112
/home/benjamin/Master_Thesis_Workspace/Data/Video_Data/Short_Objects_bottom.mkv,40, 2138, 17.6859, 80.4955, 0.5, 293, 112
/home/benjamin/Master_Thesis_Workspace/Data/Video_Data/Short_Objects_bottom.mkv,41, 2004, 16.4172, 80.9287, 0.5, 350, 112
/home/benjamin/Master_Thesis_Workspace/Data/Video_Data/Short_Objects_bottom.mkv,42, 1960, 16.6022, 84.5118, 0.5, 298, 112
/home/benjamin/Master_Thesis_Workspace/Data/Video_Data/Short_Objects_bottom.mkv,43, 1920, 16.7054, 81.5674, 0.5, 290, 112
/home/benjamin/Master_Thesis_Workspace/Data/Video_Data/Short_Objects_bottom.mkv,44, 1959, 17.1692, 78.0385, 0.5, 286, 112
/home/benjamin/Master_Thesis_Workspace/Data/Video_Data/Short_Objects_bottom.mkv,45, 1886, 16.8658, 83.9369, 0.5, 282, 112
/home/benjamin/Master_Thesis_Workspace/Data/Video_Data/Short_Objects_bottom.mkv,46, 1901, 17.0544, 82.8636, 0.5, 321, 112
/home/benjamin/Master_Thesis_Workspace/Data/Video_Data/Short_Objects_bottom.mkv,47, 1968, 17.3323, 82.7712, 0, 296, 112
/home/benjamin/Master_Thesis_Workspace/Data/Video_Data/Short_Objects_bottom.mkv,48, 1877, 17.7001, 81.782, 0, 292, 112
/home/benjamin/Master_Thesis_Workspace/Data/Video_Data/Short_Objects_bottom.mkv,49, 1946, 17.7901, 80.9721, 0, 292, 112
/home/benjamin/Master_Thesis_Workspace/Data/Video_Data/Short_Objects_bottom.mkv,0, 1920, 19.8104, 60.7982, 0, 285, 128
/home/benjamin/Master_Thesis_Workspace/Data/Video_Data/Short_Objects_bottom.mkv,1, 1999, 19.1803, 65.0682, 0, 283, 128
/home/benjamin/Master_Thesis_Workspace/Data/Video_Data/Short_Objects_bottom.mkv,2, 2052, 18.1854, 73.145, 0, 283, 128
/home/benjamin/Master_Thesis_Workspace/Data/Video_Data/Short_Objects_bottom.mkv,3, 2139, 17.3743, 73.8225, 0, 284, 128
/home/benjamin/Master_Thesis_Workspace/Data/Video_Data/Short_Objects_bottom.mkv,4, 1942, 16.7084, 68.4938, 0, 284, 128
/home/benjamin/Master_Thesis_Workspace/Data/Video_Data/Short_Objects_bottom.mkv,5, 2010, 16.6439, 68.5876, 1, 286, 128
/home/benjamin/Master_Thesis_Workspace/Data/Video_Data/Short_Objects_bottom.mkv,6, 1993, 15.38, 75.1425, 0, 288, 128
/home/benjamin/Master_Thesis_Workspace/Data/Video_Data/Short_Objects_bottom.mkv,7, 1943, 15.9797, 78.246, 0, 291, 128
/home/benjamin/Master_Thesis_Workspace/Data/Video_Data/Short_Objects_bottom.mkv,8, 1843, 17.3779, 76.8238, 0, 293, 128
/home/benjamin/Master_Thesis_Workspace/Data/Video_Data/Short_Objects_bottom.mkv,9, 1779, 18.5265, 78.5831, 1, 297, 128
/home/benjamin/Master_Thesis_Workspace/Data/Video_Data/Short_Objects_bottom.mkv,10, 1635, 19.71, 78.0888, 1, 299, 128
/home/benjamin/Master_Thesis_Workspace/Data/Video_Data/Short_Objects_bottom.mkv,11, 1654, 20.688, 74.6499, 1, 305, 128
/home/benjamin/Master_Thesis_Workspace/Data/Video_Data/Short_Objects_bottom.mkv,12, 1721, 20.4915, 83.1764, 1, 309, 128
/home/benjamin/Master_Thesis_Workspace/Data/Video_Data/Short_Objects_bottom.mkv,13, 1748, 21.3226, 81.7875, 1, 312, 128
/home/benjamin/Master_Thesis_Workspace/Data/Video_Data/Short_Objects_bottom.mkv,14, 1698, 21.6942, 83.018, 1, 313, 128
/home/benjamin/Master_Thesis_Workspace/Data/Video_Data/Short_Objects_bottom.mkv,15, 1685, 21.1243, 80.4491, 1, 314, 128
/home/benjamin/Master_Thesis_Workspace/Data/Video_Data/Short_Objects_bottom.mkv,16, 1712, 21.4824, 81.5622, 1, 317, 128
/home/benjamin/Master_Thesis_Workspace/Data/Video_Data/Short_Objects_bottom.mkv,17, 1742, 21.8323, 79.0154, 1, 318, 128
/home/benjamin/Master_Thesis_Workspace/Data/Video_Data/Short_Objects_bottom.mkv,18, 1727, 21.246, 79.5926, 1, 319, 128
/home/benjamin/Master_Thesis_Workspace/Data/Video_Data/Short_Objects_bottom.mkv,19, 1858, 21.7061, 78.4401, 1, 317, 128
/home/benjamin/Master_Thesis_Workspace/Data/Video_Data/Short_Objects_bottom.mkv,20, 1813, 21.5767, 79.9568, 1, 317, 128
/home/benjamin/Master_Thesis_Workspace/Data/Video_Data/Short_Objects_bottom.mkv,21, 1887, 20.9797, 80.684, 1, 316, 128
/home/benjamin/Master_Thesis_Workspace/Data/Video_Data/Short_Objects_bottom.mkv,22, 1738, 20.7373, 80.757, 1, 317, 128
/home/benjamin/Master_Thesis_Workspace/Data/Video_Data/Short_Objects_bottom.mkv,23, 1850, 21.4775, 73.4812, 1, 318, 128
/home/benjamin/Master_Thesis_Workspace/Data/Video_Data/Short_Objects_bottom.mkv,24, 1743, 20.668, 79.2419, 1, 318, 128
/home/benjamin/Master_Thesis_Workspace/Data/Video_Data/Short_Objects_bottom.mkv,25, 1695, 20.4303, 76.4505, 1, 356, 128
/home/benjamin/Master_Thesis_Workspace/Data/Video_Data/Short_Objects_bottom.mkv,26, 1766, 20.5459, 81.2809, 1, 324, 128
/home/benjamin/Master_Thesis_Workspace/Data/Video_Data/Short_Objects_bottom.mkv,27, 1812, 20.0397, 80.3486, 1, 318, 128
/home/benjamin/Master_Thesis_Workspace/Data/Video_Data/Short_Objects_bottom.mkv,28, 1686, 21.3296, 80.5892, 1, 319, 128
/home/benjamin/Master_Thesis_Workspace/Data/Video_Data/Short_Objects_bottom.mkv,29, 1841, 21.0831, 72.3341, 1, 357, 128
/home/benjamin/Master_Thesis_Workspace/Data/Video_Data/Short_Objects_bottom.mkv,30, 1796, 20.8149, 75.3021, 1, 362, 128
/home/benjamin/Master_Thesis_Workspace/Data/Video_Data/Short_Objects_bottom.mkv,31, 1668, 20.8346, 74.6342, 1, 325, 128
/home/benjamin/Master_Thesis_Workspace/Data/Video_Data/Short_Objects_bottom.mkv,32, 1721, 20.6907, 81.5958, 1, 388, 128
/home/benjamin/Master_Thesis_Workspace/Data/Video_Data/Short_Objects_bottom.mkv,33, 1718, 21.0814, 74.1228, 1, 333, 128
/home/benjamin/Master_Thesis_Workspace/Data/Video_Data/Short_Objects_bottom.mkv,34, 1773, 21.5534, 78.1999, 1, 321, 128
/home/benjamin/Master_Thesis_Workspace/Data/Video_Data/Short_Objects_bottom.mkv,35, 1749, 20.2099, 80.1377, 1, 354, 128
/home/benjamin/Master_Thesis_Workspace/Data/Video_Data/Short_Objects_bottom.mkv,36, 1864, 20.5292, 76.908, 1, 355, 128
/home/benjamin/Master_Thesis_Workspace/Data/Video_Data/Short_Objects_bottom.mkv,37, 1865, 20.8882, 73.3586, 1, 317, 128
/home/benjamin/Master_Thesis_Workspace/Data/Video_Data/Short_Objects_bottom.mkv,38, 1866, 20.3439, 74.3807, 1, 313, 128
/home/benjamin/Master_Thesis_Workspace/Data/Video_Data/Short_Objects_bottom.mkv,39, 1959, 22.0042, 74.4152, 1, 314, 128
/home/benjamin/Master_Thesis_Workspace/Data/Video_Data/Short_Objects_bottom.mkv,40, 1966, 20.5438, 75.7705, 1, 316, 128
/home/benjamin/Master_Thesis_Workspace/Data/Video_Data/Short_Objects_bottom.mkv,41, 1826, 19.2324, 79.6529, 1, 372, 128
/home/benjamin/Master_Thesis_Workspace/Data/Video_Data/Short_Objects_bottom.mkv,42, 1827, 19.0764, 79.929, 1, 319, 128
/home/benjamin/Master_Thesis_Workspace/Data/Video_Data/Short_Objects_bottom.mkv,43, 1774, 19.3222, 79.8418, 1, 309, 128
/home/benjamin/Master_Thesis_Workspace/Data/Video_Data/Short_Objects_bottom.mkv,44, 1799, 20.1522, 78.1688, 1, 306, 128
/home/benjamin/Master_Thesis_Workspace/Data/Video_Data/Short_Objects_bottom.mkv,45, 1730, 19.8526, 79.519, 1, 304, 128
/home/benjamin/Master_Thesis_Workspace/Data/Video_Data/Short_Objects_bottom.mkv,46, 1714, 20.2354, 81.7405, 0.5, 341, 128
/home/benjamin/Master_Thesis_Workspace/Data/Video_Data/Short_Objects_bottom.mkv,47, 1739, 20.5858, 80.5528, 0.5, 313, 128
/home/benjamin/Master_Thesis_Workspace/Data/Video_Data/Short_Objects_bottom.mkv,48, 1675, 21.1835, 74.6614, 0.5, 310, 128
/home/benjamin/Master_Thesis_Workspace/Data/Video_Data/Short_Objects_bottom.mkv,49, 1722, 21.2363, 79.4324, 0.5, 312, 128
/home/benjamin/Master_Thesis_Workspace/Data/Video_Data/Short_Objects_bottom.mkv,0, 1890, 20.7673, 61.2401, 0, 302, 144
/home/benjamin/Master_Thesis_Workspace/Data/Video_Data/Short_Objects_bottom.mkv,1, 1916, 20.2215, 65.1658, 0, 297, 144
/home/benjamin/Master_Thesis_Workspace/Data/Video_Data/Short_Objects_bottom.mkv,2, 2048, 19.3692, 72.8308, 0, 298, 144
/home/benjamin/Master_Thesis_Workspace/Data/Video_Data/Short_Objects_bottom.mkv,3, 2011, 18.3588, 69.3043, 0, 297, 144
/home/benjamin/Master_Thesis_Workspace/Data/Video_Data/Short_Objects_bottom.mkv,4, 1967, 17.555, 68.1026, 0, 298, 144
/home/benjamin/Master_Thesis_Workspace/Data/Video_Data/Short_Objects_bottom.mkv,5, 1909, 17.4003, 67.5251, 1, 302, 144
/home/benjamin/Master_Thesis_Workspace/Data/Video_Data/Short_Objects_bottom.mkv,6, 1953, 16.4454, 74.6037, 0.5, 303, 144
/home/benjamin/Master_Thesis_Workspace/Data/Video_Data/Short_Objects_bottom.mkv,7, 1840, 17.2014, 78.2509, 0.5, 307, 144
/home/benjamin/Master_Thesis_Workspace/Data/Video_Data/Short_Objects_bottom.mkv,8, 1750, 19.2085, 76.8981, 0.5, 310, 144
/home/benjamin/Master_Thesis_Workspace/Data/Video_Data/Short_Objects_bottom.mkv,9, 1656, 20.73, 78.5795, 1, 312, 144
/home/benjamin/Master_Thesis_Workspace/Data/Video_Data/Short_Objects_bottom.mkv,10, 1549, 22.4782, 75.3901, 1, 315, 144
/home/benjamin/Master_Thesis_Workspace/Data/Video_Data/Short_Objects_bottom.mkv,11, 1562, 23.9239, 75.0013, 1, 320, 144
/home/benjamin/Master_Thesis_Workspace/Data/Video_Data/Short_Objects_bottom.mkv,12, 1559, 23.5093, 75.5522, 1, 325, 144
/home/benjamin/Master_Thesis_Workspace/Data/Video_Data/Short_Objects_bottom.mkv,13, 1605, 24.582, 74.4136, 1, 328, 144
/home/benjamin/Master_Thesis_Workspace/Data/Video_Data/Short_Objects_bottom.mkv,14, 1600, 24.8046, 73.4332, 1, 329, 144
/home/benjamin/Master_Thesis_Workspace/Data/Video_Data/Short_Objects_bottom.mkv,15, 1602, 24.3145, 73.8954, 1, 332, 144
/home/benjamin/Master_Thesis_Workspace/Data/Video_Data/Short_Objects_bottom.mkv,16, 1601, 24.5912, 72.4087, 1, 334, 144
/home/benjamin/Master_Thesis_Workspace/Data/Video_Data/Short_Objects_bottom.mkv,17, 1609, 25.2096, 69.0478, 1, 329, 144
/home/benjamin/Master_Thesis_Workspace/Data/Video_Data/Short_Objects_bottom.mkv,18, 1558, 24.6651, 72.011, 1, 333, 144
/home/benjamin/Master_Thesis_Workspace/Data/Video_Data/Short_Objects_bottom.mkv,19, 1756, 24.848, 70.3117, 1, 333, 144
/home/benjamin/Master_Thesis_Workspace/Data/Video_Data/Short_Objects_bottom.mkv,20, 1650, 25.0224, 75.3097, 1, 334, 144
/home/benjamin/Master_Thesis_Workspace/Data/Video_Data/Short_Objects_bottom.mkv,21, 1683, 24.0291, 71.0159, 1, 334, 144
/home/benjamin/Master_Thesis_Workspace/Data/Video_Data/Short_Objects_bottom.mkv,22, 1611, 23.7671, 72.591, 1, 332, 144
/home/benjamin/Master_Thesis_Workspace/Data/Video_Data/Short_Objects_bottom.mkv,23, 1681, 24.4034, 71.7006, 1, 333, 144
/home/benjamin/Master_Thesis_Workspace/Data/Video_Data/Short_Objects_bottom.mkv,24, 1664, 23.4146, 71.9941, 1, 333, 144
/home/benjamin/Master_Thesis_Workspace/Data/Video_Data/Short_Objects_bottom.mkv,25, 1630, 23.2444, 76.0806, 1, 372, 144
/home/benjamin/Master_Thesis_Workspace/Data/Video_Data/Short_Objects_bottom.mkv,26, 1638, 23.2844, 75.8936, 1, 339, 144
/home/benjamin/Master_Thesis_Workspace/Data/Video_Data/Short_Objects_bottom.mkv,27, 1677, 22.9853, 75.8601, 1, 335, 144
/home/benjamin/Master_Thesis_Workspace/Data/Video_Data/Short_Objects_bottom.mkv,28, 1620, 23.8728, 75.207, 1, 336, 144
/home/benjamin/Master_Thesis_Workspace/Data/Video_Data/Short_Objects_bottom.mkv,29, 1656, 23.9767, 72.3961, 1, 375, 144
/home/benjamin/Master_Thesis_Workspace/Data/Video_Data/Short_Objects_bottom.mkv,30, 1688, 23.9515, 73.4455, 1, 380, 144
/home/benjamin/Master_Thesis_Workspace/Data/Video_Data/Short_Objects_bottom.mkv,31, 1627, 23.8116, 73.9752, 1, 340, 144
/home/benjamin/Master_Thesis_Workspace/Data/Video_Data/Short_Objects_bottom.mkv,32, 1617, 23.9065, 78.8442, 1, 404, 144
/home/benjamin/Master_Thesis_Workspace/Data/Video_Data/Short_Objects_bottom.mkv,33, 1724, 23.8881, 75.4974, 1, 347, 144
/home/benjamin/Master_Thesis_Workspace/Data/Video_Data/Short_Objects_bottom.mkv,34, 1682, 24.5286, 73.3254, 1, 337, 144
/home/benjamin/Master_Thesis_Workspace/Data/Video_Data/Short_Objects_bottom.mkv,35, 1650, 23.2152, 76.9064, 1, 368, 144
/home/benjamin/Master_Thesis_Workspace/Data/Video_Data/Short_Objects_bottom.mkv,36, 1696, 23.5827, 70.1728, 1, 371, 144
/home/benjamin/Master_Thesis_Workspace/Data/Video_Data/Short_Objects_bottom.mkv,37, 1714, 23.941, 68.1904, 1, 334, 144
/home/benjamin/Master_Thesis_Workspace/Data/Video_Data/Short_Objects_bottom.mkv,38, 1695, 23.6437, 71.5197, 1, 328, 144
/home/benjamin/Master_Thesis_Workspace/Data/Video_Data/Short_Objects_bottom.mkv,39, 1767, 25.4269, 71.1132, 1, 330, 144
/home/benjamin/Master_Thesis_Workspace/Data/Video_Data/Short_Objects_bottom.mkv,40, 1720, 24.0807, 74.0795, 1, 330, 144
/home/benjamin/Master_Thesis_Workspace/Data/Video_Data/Short_Objects_bottom.mkv,41, 1646, 22.6113, 77.7038, 1, 388, 144
/home/benjamin/Master_Thesis_Workspace/Data/Video_Data/Short_Objects_bottom.mkv,42, 1636, 22.3795, 76.3067, 1, 335, 144
/home/benjamin/Master_Thesis_Workspace/Data/Video_Data/Short_Objects_bottom.mkv,43, 1642, 22.6194, 68.3546, 1, 325, 144
/home/benjamin/Master_Thesis_Workspace/Data/Video_Data/Short_Objects_bottom.mkv,44, 1663, 23.2823, 72.1441, 1, 320, 144
/home/benjamin/Master_Thesis_Workspace/Data/Video_Data/Short_Objects_bottom.mkv,45, 1589, 22.7899, 73.2922, 1, 319, 144
/home/benjamin/Master_Thesis_Workspace/Data/Video_Data/Short_Objects_bottom.mkv,46, 1565, 23.5075, 75.3043, 1, 361, 144
/home/benjamin/Master_Thesis_Workspace/Data/Video_Data/Short_Objects_bottom.mkv,47, 1582, 24.0499, 73.8852, 1, 332, 144
/home/benjamin/Master_Thesis_Workspace/Data/Video_Data/Short_Objects_bottom.mkv,48, 1498, 24.3984, 74.8003, 1, 327, 144
/home/benjamin/Master_Thesis_Workspace/Data/Video_Data/Short_Objects_bottom.mkv,49, 1561, 24.5875, 74.4719, 1, 328, 144
/home/benjamin/Master_Thesis_Workspace/Data/Video_Data/Short_Objects_bottom.mkv,0, 1799, 21.5894, 61.514, 0, 315, 160
/home/benjamin/Master_Thesis_Workspace/Data/Video_Data/Short_Objects_bottom.mkv,1, 1813, 21.085, 62.8455, 0, 311, 160
/home/benjamin/Master_Thesis_Workspace/Data/Video_Data/Short_Objects_bottom.mkv,2, 1895, 20.4589, 71.2983, 0.5, 312, 160
/home/benjamin/Master_Thesis_Workspace/Data/Video_Data/Short_Objects_bottom.mkv,3, 1973, 19.426, 68.1579, 0, 312, 160
/home/benjamin/Master_Thesis_Workspace/Data/Video_Data/Short_Objects_bottom.mkv,4, 1846, 18.679, 67.5894, 0, 312, 160
/home/benjamin/Master_Thesis_Workspace/Data/Video_Data/Short_Objects_bottom.mkv,5, 1781, 18.1165, 65.7244, 1, 315, 160
/home/benjamin/Master_Thesis_Workspace/Data/Video_Data/Short_Objects_bottom.mkv,6, 1894, 17.5326, 76.1768, 0.5, 318, 160
/home/benjamin/Master_Thesis_Workspace/Data/Video_Data/Short_Objects_bottom.mkv,7, 1765, 18.384, 77.8644, 0.5, 320, 160
/home/benjamin/Master_Thesis_Workspace/Data/Video_Data/Short_Objects_bottom.mkv,8, 1609, 20.9298, 79.9039, 1, 324, 160
/home/benjamin/Master_Thesis_Workspace/Data/Video_Data/Short_Objects_bottom.mkv,9, 1567, 22.9186, 77.9514, 1, 329, 160
/home/benjamin/Master_Thesis_Workspace/Data/Video_Data/Short_Objects_bottom.mkv,10, 1440, 24.6965, 76.7044, 1, 331, 160
/home/benjamin/Master_Thesis_Workspace/Data/Video_Data/Short_Objects_bottom.mkv,11, 1532, 26.594, 74.8963, 1, 339, 160
/home/benjamin/Master_Thesis_Workspace/Data/Video_Data/Short_Objects_bottom.mkv,12, 1426, 26.9572, 72.9695, 1, 339, 160
/home/benjamin/Master_Thesis_Workspace/Data/Video_Data/Short_Objects_bottom.mkv,13, 1475, 27.7678, 72.773, 1, 343, 160
/home/benjamin/Master_Thesis_Workspace/Data/Video_Data/Short_Objects_bottom.mkv,14, 1452, 28.1557, 72.3034, 1, 345, 160
/home/benjamin/Master_Thesis_Workspace/Data/Video_Data/Short_Objects_bottom.mkv,15, 1413, 27.9512, 70.9265, 1, 347, 160
/home/benjamin/Master_Thesis_Workspace/Data/Video_Data/Short_Objects_bottom.mkv,16, 1442, 28.2922, 70.7, 1, 350, 160
/home/benjamin/Master_Thesis_Workspace/Data/Video_Data/Short_Objects_bottom.mkv,17, 1447, 28.8673, 68.3618, 1, 348, 160
/home/benjamin/Master_Thesis_Workspace/Data/Video_Data/Short_Objects_bottom.mkv,18, 1363, 28.3443, 70.6426, 1, 348, 160
/home/benjamin/Master_Thesis_Workspace/Data/Video_Data/Short_Objects_bottom.mkv,19, 1512, 28.6486, 69.1092, 1, 349, 160
/home/benjamin/Master_Thesis_Workspace/Data/Video_Data/Short_Objects_bottom.mkv,20, 1463, 28.7155, 68.4415, 1, 348, 160
/home/benjamin/Master_Thesis_Workspace/Data/Video_Data/Short_Objects_bottom.mkv,21, 1533, 27.9073, 69.6544, 1, 346, 160
/home/benjamin/Master_Thesis_Workspace/Data/Video_Data/Short_Objects_bottom.mkv,22, 1441, 27.5658, 71.9888, 1, 345, 160
/home/benjamin/Master_Thesis_Workspace/Data/Video_Data/Short_Objects_bottom.mkv,23, 1497, 28.1266, 70.8388, 1, 346, 160
/home/benjamin/Master_Thesis_Workspace/Data/Video_Data/Short_Objects_bottom.mkv,24, 1495, 27.1162, 71.1352, 1, 348, 160
/home/benjamin/Master_Thesis_Workspace/Data/Video_Data/Short_Objects_bottom.mkv,25, 1529, 26.7643, 75.2088, 1, 389, 160
/home/benjamin/Master_Thesis_Workspace/Data/Video_Data/Short_Objects_bottom.mkv,26, 1485, 26.699, 75.4624, 1, 354, 160
/home/benjamin/Master_Thesis_Workspace/Data/Video_Data/Short_Objects_bottom.mkv,27, 1517, 26.3975, 75.4739, 1, 349, 160
/home/benjamin/Master_Thesis_Workspace/Data/Video_Data/Short_Objects_bottom.mkv,28, 1489, 27.3106, 73.7039, 1, 349, 160
/home/benjamin/Master_Thesis_Workspace/Data/Video_Data/Short_Objects_bottom.mkv,29, 1506, 27.4583, 71.0487, 1, 390, 160
/home/benjamin/Master_Thesis_Workspace/Data/Video_Data/Short_Objects_bottom.mkv,30, 1577, 27.1957, 74.4231, 1, 398, 160
/home/benjamin/Master_Thesis_Workspace/Data/Video_Data/Short_Objects_bottom.mkv,31, 1523, 27.0817, 75.228, 1, 358, 160
/home/benjamin/Master_Thesis_Workspace/Data/Video_Data/Short_Objects_bottom.mkv,32, 1475, 27.1941, 76.3505, 1, 423, 160
/home/benjamin/Master_Thesis_Workspace/Data/Video_Data/Short_Objects_bottom.mkv,33, 1551, 27.1393, 71.078, 1, 363, 160
/home/benjamin/Master_Thesis_Workspace/Data/Video_Data/Short_Objects_bottom.mkv,34, 1613, 27.7645, 73.2718, 1, 353, 160
/home/benjamin/Master_Thesis_Workspace/Data/Video_Data/Short_Objects_bottom.mkv,35, 1504, 26.7193, 71.9837, 1, 388, 160
/home/benjamin/Master_Thesis_Workspace/Data/Video_Data/Short_Objects_bottom.mkv,36, 1531, 26.9276, 66.7325, 1, 388, 160
/home/benjamin/Master_Thesis_Workspace/Data/Video_Data/Short_Objects_bottom.mkv,37, 1522, 27.6228, 64.9664, 1, 350, 160
/home/benjamin/Master_Thesis_Workspace/Data/Video_Data/Short_Objects_bottom.mkv,38, 1551, 27.3868, 62.5082, 1, 345, 160
/home/benjamin/Master_Thesis_Workspace/Data/Video_Data/Short_Objects_bottom.mkv,39, 1545, 29.2733, 61.5618, 1, 348, 160
/home/benjamin/Master_Thesis_Workspace/Data/Video_Data/Short_Objects_bottom.mkv,40, 1487, 27.8106, 66.503, 1, 347, 160
/home/benjamin/Master_Thesis_Workspace/Data/Video_Data/Short_Objects_bottom.mkv,41, 1438, 26.6491, 69.3421, 1, 408, 160
/home/benjamin/Master_Thesis_Workspace/Data/Video_Data/Short_Objects_bottom.mkv,42, 1454, 26.1752, 69.1357, 1, 350, 160
/home/benjamin/Master_Thesis_Workspace/Data/Video_Data/Short_Objects_bottom.mkv,43, 1441, 26.2429, 70.6782, 1, 339, 160
/home/benjamin/Master_Thesis_Workspace/Data/Video_Data/Short_Objects_bottom.mkv,44, 1477, 26.71, 70.5323, 1, 335, 160
/home/benjamin/Master_Thesis_Workspace/Data/Video_Data/Short_Objects_bottom.mkv,45, 1397, 26.3547, 72.6734, 1, 334, 160
/home/benjamin/Master_Thesis_Workspace/Data/Video_Data/Short_Objects_bottom.mkv,46, 1441, 26.7626, 75.3596, 1, 377, 160
/home/benjamin/Master_Thesis_Workspace/Data/Video_Data/Short_Objects_bottom.mkv,47, 1436, 27.3109, 74.3305, 1, 349, 160
/home/benjamin/Master_Thesis_Workspace/Data/Video_Data/Short_Objects_bottom.mkv,48, 1450, 27.4454, 73.5376, 1, 344, 160
/home/benjamin/Master_Thesis_Workspace/Data/Video_Data/Short_Objects_bottom.mkv,49, 1452, 27.6373, 73.8128, 1, 344, 160
